{
  "type": "FeatureCollection",
  "name": 1394594054,
  "features": [
    {
      "type": "Feature",
      "properties": {
        "SlotID": 162298041,
        "SlotType": null,
        "FloorID": null,
        "Code": null,
        "ChargingPile": null,
        "Status": null,
        "StatusUpdateTime": null,
        "Lock": null,
        "Limiter": null,
        "LinkID": 132274597
      },
      "geometry": {
        "type": "Polygon",
        "coordinates": [
          [
            [
              75.69174999030945,
              85.98156438794112
            ],
            [
              76.74770736597449,
              91.19091288831169
            ],
            [
              79.10665763263354,
              90.71274350928894
            ],
            [
              78.05070025322412,
              85.50339500874365
            ],
            [
              75.69174999030945,
              85.98156438794112
            ]
          ]
        ]
      }
    },
    {
      "type": "Feature",
      "properties": {
        "SlotID": 162213843,
        "SlotType": null,
        "FloorID": null,
        "Code": null,
        "ChargingPile": null,
        "Status": null,
        "StatusUpdateTime": null,
        "Lock": null,
        "Limiter": null,
        "LinkID": 132274597
      },
      "geometry": {
        "type": "Polygon",
        "coordinates": [
          [
            [
              78.05070025322412,
              85.50339500874365
            ],
            [
              79.10665763263354,
              90.71274350928894
            ],
            [
              81.46560789682894,
              90.23457413084734
            ],
            [
              80.40965051817957,
              85.02522562993731
            ],
            [
              78.05070025322412,
              85.50339500874365
            ]
          ]
        ]
      }
    },
    {
      "type": "Feature",
      "properties": {
        "SlotID": 162235385,
        "SlotType": null,
        "FloorID": null,
        "Code": null,
        "ChargingPile": null,
        "Status": null,
        "StatusUpdateTime": null,
        "Lock": null,
        "Limiter": null,
        "LinkID": 132274597
      },
      "geometry": {
        "type": "Polygon",
        "coordinates": [
          [
            [
              80.40965051817957,
              85.02522562993731
            ],
            [
              81.46560789682894,
              90.23457413084734
            ],
            [
              83.82455815922948,
              89.75640475207783
            ],
            [
              82.76860078330103,
              84.54705625164829
            ],
            [
              80.40965051817957,
              85.02522562993731
            ]
          ]
        ]
      }
    },
    {
      "type": "Feature",
      "properties": {
        "SlotID": 162270537,
        "SlotType": null,
        "FloorID": null,
        "Code": null,
        "ChargingPile": null,
        "Status": null,
        "StatusUpdateTime": null,
        "Lock": null,
        "Limiter": null,
        "LinkID": null
      },
      "geometry": {
        "type": "Polygon",
        "coordinates": [
          [
            [
              75.4526652995996,
              84.80208925620165
            ],
            [
              77.81161556412047,
              84.3239198772461
            ],
            [
              76.7556581855857,
              79.11457137629071
            ],
            [
              74.39670792191097,
              79.59274075544825
            ],
            [
              75.4526652995996,
              84.80208925620165
            ]
          ]
        ]
      }
    },
    {
      "type": "Feature",
      "properties": {
        "SlotID": 162226932,
        "SlotType": null,
        "FloorID": null,
        "Code": null,
        "ChargingPile": null,
        "Status": null,
        "StatusUpdateTime": null,
        "Lock": null,
        "Limiter": null,
        "LinkID": null
      },
      "geometry": {
        "type": "Polygon",
        "coordinates": [
          [
            [
              77.81161556412047,
              84.3239198772461
            ],
            [
              80.17056582818417,
              83.84575049816799
            ],
            [
              79.11460844974063,
              78.63640199735221
            ],
            [
              76.7556581855857,
              79.11457137629071
            ],
            [
              77.81161556412047,
              84.3239198772461
            ]
          ]
        ]
      }
    },
    {
      "type": "Feature",
      "properties": {
        "SlotID": 162244376,
        "SlotType": null,
        "FloorID": null,
        "Code": null,
        "ChargingPile": null,
        "Status": null,
        "StatusUpdateTime": null,
        "Lock": null,
        "Limiter": null,
        "LinkID": null
      },
      "geometry": {
        "type": "Polygon",
        "coordinates": [
          [
            [
              80.17056582818417,
              83.84575049816799
            ],
            [
              82.5295160920136,
              83.36758111974343
            ],
            [
              81.47355871455306,
              78.15823261812507
            ],
            [
              79.11460844974063,
              78.63640199735221
            ],
            [
              80.17056582818417,
              83.84575049816799
            ]
          ]
        ]
      }
    },
    {
      "type": "Feature",
      "properties": {
        "SlotID": 162248391,
        "SlotType": null,
        "FloorID": null,
        "Code": null,
        "ChargingPile": null,
        "Status": null,
        "StatusUpdateTime": null,
        "Lock": null,
        "Limiter": null,
        "LinkID": 132211396
      },
      "geometry": {
        "type": "Polygon",
        "coordinates": [
          [
            [
              84.54820078018868,
              84.18632366625428
            ],
            [
              85.6041581576321,
              89.39567216638146
            ],
            [
              87.9631084231936,
              88.91750278729685
            ],
            [
              86.90715104517261,
              83.70815428821828
            ],
            [
              84.54820078018868,
              84.18632366625428
            ]
          ]
        ]
      }
    },
    {
      "type": "Feature",
      "properties": {
        "SlotID": 162221335,
        "SlotType": null,
        "FloorID": null,
        "Code": null,
        "ChargingPile": null,
        "Status": null,
        "StatusUpdateTime": null,
        "Lock": null,
        "Limiter": null,
        "LinkID": 132223283
      },
      "geometry": {
        "type": "Polygon",
        "coordinates": [
          [
            [
              86.90715104517261,
              83.70815428821828
            ],
            [
              87.9631084231936,
              88.91750278729685
            ],
            [
              90.322058688075,
              88.4393334085276
            ],
            [
              89.26610130925346,
              83.22998490850753
            ],
            [
              86.90715104517261,
              83.70815428821828
            ]
          ]
        ]
      }
    },
    {
      "type": "Feature",
      "properties": {
        "SlotID": 162294583,
        "SlotType": null,
        "FloorID": null,
        "Code": null,
        "ChargingPile": null,
        "Status": null,
        "StatusUpdateTime": null,
        "Lock": null,
        "Limiter": null,
        "LinkID": 132223283
      },
      "geometry": {
        "type": "Polygon",
        "coordinates": [
          [
            [
              89.26610130925346,
              83.22998490850753
            ],
            [
              90.322058688075,
              88.4393334085276
            ],
            [
              92.68100895071566,
              87.96116403071088
            ],
            [
              91.62505157327739,
              82.75181553015663
            ],
            [
              89.26610130925346,
              83.22998490850753
            ]
          ]
        ]
      }
    },
    {
      "type": "Feature",
      "properties": {
        "SlotID": 162242220,
        "SlotType": null,
        "FloorID": null,
        "Code": null,
        "ChargingPile": null,
        "Status": null,
        "StatusUpdateTime": null,
        "Lock": null,
        "Limiter": null,
        "LinkID": null
      },
      "geometry": {
        "type": "Polygon",
        "coordinates": [
          [
            [
              84.30911609117626,
              83.00684853327772
            ],
            [
              86.66806635535968,
              82.52867915591887
            ],
            [
              85.61210897799037,
              77.31933065403547
            ],
            [
              83.25315871385259,
              77.79750003348741
            ],
            [
              84.30911609117626,
              83.00684853327772
            ]
          ]
        ]
      }
    },
    {
      "type": "Feature",
      "properties": {
        "SlotID": 162224998,
        "SlotType": null,
        "FloorID": null,
        "Code": null,
        "ChargingPile": null,
        "Status": null,
        "StatusUpdateTime": null,
        "Lock": null,
        "Limiter": null,
        "LinkID": null
      },
      "geometry": {
        "type": "Polygon",
        "coordinates": [
          [
            [
              86.66806635535968,
              82.52867915591887
            ],
            [
              89.02701661939491,
              82.05050977654298
            ],
            [
              87.97105924149366,
              76.84116127658729
            ],
            [
              85.61210897799037,
              77.31933065403547
            ],
            [
              86.66806635535968,
              82.52867915591887
            ]
          ]
        ]
      }
    },
    {
      "type": "Feature",
      "properties": {
        "SlotID": 162269425,
        "SlotType": null,
        "FloorID": null,
        "Code": null,
        "ChargingPile": null,
        "Status": null,
        "StatusUpdateTime": null,
        "Lock": null,
        "Limiter": null,
        "LinkID": null
      },
      "geometry": {
        "type": "Polygon",
        "coordinates": [
          [
            [
              89.02701661939491,
              82.05050977654298
            ],
            [
              91.38596688524797,
              81.5723403979961
            ],
            [
              90.33000950672351,
              76.36299189699591
            ],
            [
              87.97105924149366,
              76.84116127658729
            ],
            [
              89.02701661939491,
              82.05050977654298
            ]
          ]
        ]
      }
    },
    {
      "type": "Feature",
      "properties": {
        "SlotID": 162266796,
        "SlotType": null,
        "FloorID": null,
        "Code": null,
        "ChargingPile": null,
        "Status": null,
        "StatusUpdateTime": null,
        "Lock": null,
        "Limiter": null,
        "LinkID": 132293743
      },
      "geometry": {
        "type": "Polygon",
        "coordinates": [
          [
            [
              92.95336083425317,
              82.48256152141148
            ],
            [
              94.00931821311515,
              87.69191002071443
            ],
            [
              96.36826847746502,
              87.21374064273685
            ],
            [
              95.3123110979342,
              82.00439214231957
            ],
            [
              92.95336083425317,
              82.48256152141148
            ]
          ]
        ]
      }
    },
    {
      "type": "Feature",
      "properties": {
        "SlotID": 162230766,
        "SlotType": null,
        "FloorID": null,
        "Code": null,
        "ChargingPile": null,
        "Status": null,
        "StatusUpdateTime": null,
        "Lock": null,
        "Limiter": null,
        "LinkID": 132293743
      },
      "geometry": {
        "type": "Polygon",
        "coordinates": [
          [
            [
              95.3123110979342,
              82.00439214231957
            ],
            [
              96.36826847746502,
              87.21374064273685
            ],
            [
              98.72721874019736,
              86.73557126351905
            ],
            [
              97.6712613636104,
              81.52622276233504
            ],
            [
              95.3123110979342,
              82.00439214231957
            ]
          ]
        ]
      }
    },
    {
      "type": "Feature",
      "properties": {
        "SlotID": 162250485,
        "SlotType": null,
        "FloorID": null,
        "Code": null,
        "ChargingPile": null,
        "Status": null,
        "StatusUpdateTime": null,
        "Lock": null,
        "Limiter": null,
        "LinkID": 132223283
      },
      "geometry": {
        "type": "Polygon",
        "coordinates": [
          [
            [
              97.6712613636104,
              81.52622276233504
            ],
            [
              98.72721874019736,
              86.73557126351905
            ],
            [
              101.08616900554804,
              86.25740188445312
            ],
            [
              100.03021162686854,
              81.04805338421541
            ],
            [
              97.6712613636104,
              81.52622276233504
            ]
          ]
        ]
      }
    },
    {
      "type": "Feature",
      "properties": {
        "SlotID": 162279786,
        "SlotType": null,
        "FloorID": null,
        "Code": null,
        "ChargingPile": null,
        "Status": null,
        "StatusUpdateTime": null,
        "Lock": null,
        "Limiter": null,
        "LinkID": null
      },
      "geometry": {
        "type": "Polygon",
        "coordinates": [
          [
            [
              92.7142761448861,
              81.30308638985495
            ],
            [
              95.07322640990479,
              80.8249170097544
            ],
            [
              94.01726903245455,
              75.61556850970987
            ],
            [
              91.65831876667582,
              76.09373788855649
            ],
            [
              92.7142761448861,
              81.30308638985495
            ]
          ]
        ]
      }
    },
    {
      "type": "Feature",
      "properties": {
        "SlotID": 162290406,
        "SlotType": null,
        "FloorID": null,
        "Code": null,
        "ChargingPile": null,
        "Status": null,
        "StatusUpdateTime": null,
        "Lock": null,
        "Limiter": null,
        "LinkID": null
      },
      "geometry": {
        "type": "Polygon",
        "coordinates": [
          [
            [
              95.07322640990479,
              80.8249170097544
            ],
            [
              97.43217667321986,
              80.34674763189355
            ],
            [
              96.37621929733022,
              75.13739913080717
            ],
            [
              94.01726903245455,
              75.61556850970987
            ],
            [
              95.07322640990479,
              80.8249170097544
            ]
          ]
        ]
      }
    },
    {
      "type": "Feature",
      "properties": {
        "SlotID": 162281836,
        "SlotType": null,
        "FloorID": null,
        "Code": null,
        "ChargingPile": null,
        "Status": null,
        "StatusUpdateTime": null,
        "Lock": null,
        "Limiter": null,
        "LinkID": null
      },
      "geometry": {
        "type": "Polygon",
        "coordinates": [
          [
            [
              97.43217667321986,
              80.34674763189355
            ],
            [
              99.7911269381703,
              79.8685782517499
            ],
            [
              98.73516955996517,
              74.65922975123836
            ],
            [
              96.37621929733022,
              75.13739913080717
            ],
            [
              97.43217667321986,
              80.34674763189355
            ]
          ]
        ]
      }
    },
    {
      "type": "Feature",
      "properties": {
        "SlotID": 162207548,
        "SlotType": null,
        "FloorID": null,
        "Code": null,
        "ChargingPile": null,
        "Status": null,
        "StatusUpdateTime": null,
        "Lock": null,
        "Limiter": null,
        "LinkID": 132254069
      },
      "geometry": {
        "type": "Polygon",
        "coordinates": [
          [
            [
              34.04699682510087,
              131.60868425618008
            ],
            [
              39.256345327205224,
              130.55272687877724
            ],
            [
              38.778175947176635,
              128.19377661480212
            ],
            [
              33.56882744564985,
              129.24973399196568
            ],
            [
              34.04699682510087,
              131.60868425618008
            ]
          ]
        ]
      }
    },
    {
      "type": "Feature",
      "properties": {
        "SlotID": 162239028,
        "SlotType": null,
        "FloorID": null,
        "Code": null,
        "ChargingPile": null,
        "Status": null,
        "StatusUpdateTime": null,
        "Lock": null,
        "Limiter": null,
        "LinkID": 132291339
      },
      "geometry": {
        "type": "Polygon",
        "coordinates": [
          [
            [
              33.56882744564985,
              129.24973399196568
            ],
            [
              38.778175947176635,
              128.19377661480212
            ],
            [
              38.3000065689254,
              125.83482635075453
            ],
            [
              33.090658067353004,
              126.89078372825293
            ],
            [
              33.56882744564985,
              129.24973399196568
            ]
          ]
        ]
      }
    },
    {
      "type": "Feature",
      "properties": {
        "SlotID": 162268800,
        "SlotType": null,
        "FloorID": null,
        "Code": null,
        "ChargingPile": null,
        "Status": null,
        "StatusUpdateTime": null,
        "Lock": null,
        "Limiter": null,
        "LinkID": 132268441
      },
      "geometry": {
        "type": "Polygon",
        "coordinates": [
          [
            [
              32.717601805308774,
              125.05038740087176
            ],
            [
              37.92695030701802,
              123.99443002358278
            ],
            [
              37.448780927763266,
              121.6354797585951
            ],
            [
              32.2394324281061,
              122.69143713727354
            ],
            [
              32.717601805308774,
              125.05038740087176
            ]
          ]
        ]
      }
    },
    {
      "type": "Feature",
      "properties": {
        "SlotID": 162241428,
        "SlotType": null,
        "FloorID": null,
        "Code": null,
        "ChargingPile": null,
        "Status": null,
        "StatusUpdateTime": null,
        "Lock": null,
        "Limiter": null,
        "LinkID": 132268441
      },
      "geometry": {
        "type": "Polygon",
        "coordinates": [
          [
            [
              32.2394324281061,
              122.69143713727354
            ],
            [
              37.448780927763266,
              121.6354797585951
            ],
            [
              36.97061154943974,
              119.27652949414227
            ],
            [
              31.761263050537472,
              120.33248687288307
            ],
            [
              32.2394324281061,
              122.69143713727354
            ]
          ]
        ]
      }
    },
    {
      "type": "Feature",
      "properties": {
        "SlotID": 162235135,
        "SlotType": null,
        "FloorID": null,
        "Code": null,
        "ChargingPile": null,
        "Status": null,
        "StatusUpdateTime": null,
        "Lock": null,
        "Limiter": null,
        "LinkID": 132268441
      },
      "geometry": {
        "type": "Polygon",
        "coordinates": [
          [
            [
              31.761263050537472,
              120.33248687288307
            ],
            [
              36.97061154943974,
              119.27652949414227
            ],
            [
              36.492442170841485,
              116.91757923065545
            ],
            [
              31.283093671625046,
              117.97353660848052
            ],
            [
              31.761263050537472,
              120.33248687288307
            ]
          ]
        ]
      }
    },
    {
      "type": "Feature",
      "properties": {
        "SlotID": 162287550,
        "SlotType": null,
        "FloorID": null,
        "Code": null,
        "ChargingPile": null,
        "Status": null,
        "StatusUpdateTime": null,
        "Lock": null,
        "Limiter": null,
        "LinkID": 132291339
      },
      "geometry": {
        "type": "Polygon",
        "coordinates": [
          [
            [
              30.92046702969776,
              116.18459267371634
            ],
            [
              36.12981553047479,
              115.12863529565871
            ],
            [
              35.65164615259546,
              112.7696850313681
            ],
            [
              30.44229765119008,
              113.82564240961759
            ],
            [
              30.92046702969776,
              116.18459267371634
            ]
          ]
        ]
      }
    },
    {
      "type": "Feature",
      "properties": {
        "SlotID": 162281467,
        "SlotType": null,
        "FloorID": null,
        "Code": null,
        "ChargingPile": null,
        "Status": null,
        "StatusUpdateTime": null,
        "Lock": null,
        "Limiter": null,
        "LinkID": 132291339
      },
      "geometry": {
        "type": "Polygon",
        "coordinates": [
          [
            [
              30.44229765119008,
              113.82564240961759
            ],
            [
              35.65164615259546,
              112.7696850313681
            ],
            [
              35.17347677435018,
              110.41073476709455
            ],
            [
              29.96412827477394,
              111.46669214595741
            ],
            [
              30.44229765119008,
              113.82564240961759
            ]
          ]
        ]
      }
    },
    {
      "type": "Feature",
      "properties": {
        "SlotID": 162222356,
        "SlotType": null,
        "FloorID": null,
        "Code": null,
        "ChargingPile": null,
        "Status": null,
        "StatusUpdateTime": null,
        "Lock": null,
        "Limiter": null,
        "LinkID": 132291339
      },
      "geometry": {
        "type": "Polygon",
        "coordinates": [
          [
            [
              29.96412827477394,
              111.46669214595741
            ],
            [
              35.17347677435018,
              110.41073476709455
            ],
            [
              34.69530739547554,
              108.05178450237443
            ],
            [
              29.48595889437918,
              109.10774188075271
            ],
            [
              29.96412827477394,
              111.46669214595741
            ]
          ]
        ]
      }
    },
    {
      "type": "Feature",
      "properties": {
        "SlotID": 162236117,
        "SlotType": null,
        "FloorID": null,
        "Code": null,
        "ChargingPile": null,
        "Status": null,
        "StatusUpdateTime": null,
        "Lock": null,
        "Limiter": null,
        "LinkID": 132291339
      },
      "geometry": {
        "type": "Polygon",
        "coordinates": [
          [
            [
              29.127279224593092,
              107.33826951161598
            ],
            [
              34.33662772573507,
              106.28231213492614
            ],
            [
              33.85845834792884,
              103.92336187043256
            ],
            [
              28.649109846427066,
              104.97931924775553
            ],
            [
              29.127279224593092,
              107.33826951161598
            ]
          ]
        ]
      }
    },
    {
      "type": "Feature",
      "properties": {
        "SlotID": 162217415,
        "SlotType": null,
        "FloorID": null,
        "Code": null,
        "ChargingPile": null,
        "Status": null,
        "StatusUpdateTime": null,
        "Lock": null,
        "Limiter": null,
        "LinkID": 132256627
      },
      "geometry": {
        "type": "Polygon",
        "coordinates": [
          [
            [
              28.649109846427066,
              104.97931924775553
            ],
            [
              33.85845834792884,
              103.92336187043256
            ],
            [
              33.38028897024816,
              101.56441160636408
            ],
            [
              28.170940469146647,
              102.62036898395544
            ],
            [
              28.649109846427066,
              104.97931924775553
            ]
          ]
        ]
      }
    },
    {
      "type": "Feature",
      "properties": {
        "SlotID": 162289402,
        "SlotType": null,
        "FloorID": null,
        "Code": null,
        "ChargingPile": null,
        "Status": null,
        "StatusUpdateTime": null,
        "Lock": null,
        "Limiter": null,
        "LinkID": 132237269
      },
      "geometry": {
        "type": "Polygon",
        "coordinates": [
          [
            [
              28.170940469146647,
              102.62036898395544
            ],
            [
              33.38028897024816,
              101.56441160636408
            ],
            [
              32.90211959068655,
              99.20546134180569
            ],
            [
              27.69277108904793,
              100.26141871932387
            ],
            [
              28.170940469146647,
              102.62036898395544
            ]
          ]
        ]
      }
    },
    {
      "type": "Feature",
      "properties": {
        "SlotID": 162212430,
        "SlotType": null,
        "FloorID": null,
        "Code": null,
        "ChargingPile": null,
        "Status": null,
        "StatusUpdateTime": null,
        "Lock": null,
        "Limiter": null,
        "LinkID": null
      },
      "geometry": {
        "type": "Polygon",
        "coordinates": [
          [
            [
              49.426832846493085,
              121.6633543024577
            ],
            [
              54.636181347676796,
              120.60739692418372
            ],
            [
              54.158011969009934,
              118.24844666093526
            ],
            [
              48.948663468358184,
              119.30440403728153
            ],
            [
              49.426832846493085,
              121.6633543024577
            ]
          ]
        ]
      }
    },
    {
      "type": "Feature",
      "properties": {
        "SlotID": 162227398,
        "SlotType": null,
        "FloorID": null,
        "Code": null,
        "ChargingPile": null,
        "Status": null,
        "StatusUpdateTime": null,
        "Lock": null,
        "Limiter": null,
        "LinkID": null
      },
      "geometry": {
        "type": "Polygon",
        "coordinates": [
          [
            [
              48.948663468358184,
              119.30440403728153
            ],
            [
              54.158011969009934,
              118.24844666093526
            ],
            [
              53.67984259086888,
              115.88949639595234
            ],
            [
              48.47049408999418,
              116.94545377435513
            ],
            [
              48.948663468358184,
              119.30440403728153
            ]
          ]
        ]
      }
    },
    {
      "type": "Feature",
      "properties": {
        "SlotID": 162284053,
        "SlotType": null,
        "FloorID": null,
        "Code": null,
        "ChargingPile": null,
        "Status": null,
        "StatusUpdateTime": null,
        "Lock": null,
        "Limiter": null,
        "LinkID": null
      },
      "geometry": {
        "type": "Polygon",
        "coordinates": [
          [
            [
              48.47049408999418,
              116.94545377435513
            ],
            [
              53.67984259086888,
              115.88949639595234
            ],
            [
              53.201673214150546,
              113.53054613150763
            ],
            [
              47.992324712470165,
              114.58650350899134
            ],
            [
              48.47049408999418,
              116.94545377435513
            ]
          ]
        ]
      }
    },
    {
      "type": "Feature",
      "properties": {
        "SlotID": 162214001,
        "SlotType": null,
        "FloorID": null,
        "Code": null,
        "ChargingPile": null,
        "Status": null,
        "StatusUpdateTime": null,
        "Lock": null,
        "Limiter": null,
        "LinkID": null
      },
      "geometry": {
        "type": "Polygon",
        "coordinates": [
          [
            [
              49.426832846493085,
              121.6633543024577
            ],
            [
              48.948663468358184,
              119.30440403728153
            ],
            [
              43.73931496812953,
              120.36036141610647
            ],
            [
              44.217484345104104,
              122.71931167976032
            ],
            [
              49.426832846493085,
              121.6633543024577
            ]
          ]
        ]
      }
    },
    {
      "type": "Feature",
      "properties": {
        "SlotID": 162265409,
        "SlotType": null,
        "FloorID": null,
        "Code": null,
        "ChargingPile": null,
        "Status": null,
        "StatusUpdateTime": null,
        "Lock": null,
        "Limiter": null,
        "LinkID": null
      },
      "geometry": {
        "type": "Polygon",
        "coordinates": [
          [
            [
              48.948663468358184,
              119.30440403728153
            ],
            [
              48.47049408999418,
              116.94545377435513
            ],
            [
              43.26114558913717,
              118.00141115134865
            ],
            [
              43.73931496812953,
              120.36036141610647
            ],
            [
              48.948663468358184,
              119.30440403728153
            ]
          ]
        ]
      }
    },
    {
      "type": "Feature",
      "properties": {
        "SlotID": 162288038,
        "SlotType": null,
        "FloorID": null,
        "Code": null,
        "ChargingPile": null,
        "Status": null,
        "StatusUpdateTime": null,
        "Lock": null,
        "Limiter": null,
        "LinkID": null
      },
      "geometry": {
        "type": "Polygon",
        "coordinates": [
          [
            [
              48.47049408999418,
              116.94545377435513
            ],
            [
              47.992324712470165,
              114.58650350899134
            ],
            [
              42.78297621000696,
              115.64246088776625
            ],
            [
              43.26114558913717,
              118.00141115134865
            ],
            [
              48.47049408999418,
              116.94545377435513
            ]
          ]
        ]
      }
    },
    {
      "type": "Feature",
      "properties": {
        "SlotID": 162204353,
        "SlotType": null,
        "FloorID": null,
        "Code": null,
        "ChargingPile": null,
        "Status": null,
        "StatusUpdateTime": null,
        "Lock": null,
        "Limiter": null,
        "LinkID": null
      },
      "geometry": {
        "type": "Polygon",
        "coordinates": [
          [
            [
              47.63369767742492,
              112.8172908120904
            ],
            [
              52.84304617892798,
              111.7613334339004
            ],
            [
              52.364876800465915,
              109.40238316906216
            ],
            [
              47.155528298516984,
              110.45834054772325
            ],
            [
              47.63369767742492,
              112.8172908120904
            ]
          ]
        ]
      }
    },
    {
      "type": "Feature",
      "properties": {
        "SlotID": 162203858,
        "SlotType": null,
        "FloorID": null,
        "Code": null,
        "ChargingPile": null,
        "Status": null,
        "StatusUpdateTime": null,
        "Lock": null,
        "Limiter": null,
        "LinkID": null
      },
      "geometry": {
        "type": "Polygon",
        "coordinates": [
          [
            [
              47.155528298516984,
              110.45834054772325
            ],
            [
              52.364876800465915,
              109.40238316906216
            ],
            [
              51.886707422935075,
              107.04343290435409
            ],
            [
              46.67735892058073,
              108.09939028317385
            ],
            [
              47.155528298516984,
              110.45834054772325
            ]
          ]
        ]
      }
    },
    {
      "type": "Feature",
      "properties": {
        "SlotID": 162211134,
        "SlotType": null,
        "FloorID": null,
        "Code": null,
        "ChargingPile": null,
        "Status": null,
        "StatusUpdateTime": null,
        "Lock": null,
        "Limiter": null,
        "LinkID": null
      },
      "geometry": {
        "type": "Polygon",
        "coordinates": [
          [
            [
              46.67735892058073,
              108.09939028317385
            ],
            [
              51.886707422935075,
              107.04343290435409
            ],
            [
              51.40853804370064,
              104.68448264067175
            ],
            [
              46.199189542238045,
              105.74044001976327
            ],
            [
              46.67735892058073,
              108.09939028317385
            ]
          ]
        ]
      }
    },
    {
      "type": "Feature",
      "properties": {
        "SlotID": 162212652,
        "SlotType": null,
        "FloorID": null,
        "Code": null,
        "ChargingPile": null,
        "Status": null,
        "StatusUpdateTime": null,
        "Lock": null,
        "Limiter": null,
        "LinkID": null
      },
      "geometry": {
        "type": "Polygon",
        "coordinates": [
          [
            [
              47.63369767742492,
              112.8172908120904
            ],
            [
              47.155528298516984,
              110.45834054772325
            ],
            [
              41.94617979765482,
              111.5142979255485
            ],
            [
              42.424349176922554,
              113.87324819049651
            ],
            [
              47.63369767742492,
              112.8172908120904
            ]
          ]
        ]
      }
    },
    {
      "type": "Feature",
      "properties": {
        "SlotID": 162202643,
        "SlotType": null,
        "FloorID": null,
        "Code": null,
        "ChargingPile": null,
        "Status": null,
        "StatusUpdateTime": null,
        "Lock": null,
        "Limiter": null,
        "LinkID": null
      },
      "geometry": {
        "type": "Polygon",
        "coordinates": [
          [
            [
              47.155528298516984,
              110.45834054772325
            ],
            [
              46.67735892058073,
              108.09939028317385
            ],
            [
              41.468010419004116,
              109.15534766062427
            ],
            [
              41.94617979765482,
              111.5142979255485
            ],
            [
              47.155528298516984,
              110.45834054772325
            ]
          ]
        ]
      }
    },
    {
      "type": "Feature",
      "properties": {
        "SlotID": 162210370,
        "SlotType": null,
        "FloorID": null,
        "Code": null,
        "ChargingPile": null,
        "Status": null,
        "StatusUpdateTime": null,
        "Lock": null,
        "Limiter": null,
        "LinkID": null
      },
      "geometry": {
        "type": "Polygon",
        "coordinates": [
          [
            [
              46.67735892058073,
              108.09939028317385
            ],
            [
              46.199189542238045,
              105.74044001976327
            ],
            [
              40.98984104257667,
              106.79639739717977
            ],
            [
              41.468010419004116,
              109.15534766062427
            ],
            [
              46.67735892058073,
              108.09939028317385
            ]
          ]
        ]
      }
    },
    {
      "type": "Feature",
      "properties": {
        "SlotID": 162253956,
        "SlotType": null,
        "FloorID": null,
        "Code": null,
        "ChargingPile": null,
        "Status": null,
        "StatusUpdateTime": null,
        "Lock": null,
        "Limiter": null,
        "LinkID": null
      },
      "geometry": {
        "type": "Polygon",
        "coordinates": [
          [
            [
              67.11895983037235,
              118.0770839616871
            ],
            [
              66.64079045184235,
              115.7181336970294
            ],
            [
              61.43144195123452,
              116.77409107592109
            ],
            [
              61.90961133159367,
              119.13304133916884
            ],
            [
              67.11895983037235,
              118.0770839616871
            ]
          ]
        ]
      }
    },
    {
      "type": "Feature",
      "properties": {
        "SlotID": 162239421,
        "SlotType": null,
        "FloorID": null,
        "Code": null,
        "ChargingPile": null,
        "Status": null,
        "StatusUpdateTime": null,
        "Lock": null,
        "Limiter": null,
        "LinkID": null
      },
      "geometry": {
        "type": "Polygon",
        "coordinates": [
          [
            [
              66.64079045184235,
              115.7181336970294
            ],
            [
              66.162621073975,
              113.35918343286998
            ],
            [
              60.953272573053,
              114.41514081205995
            ],
            [
              61.43144195123452,
              116.77409107592109
            ],
            [
              66.64079045184235,
              115.7181336970294
            ]
          ]
        ]
      }
    },
    {
      "type": "Feature",
      "properties": {
        "SlotID": 162298193,
        "SlotType": null,
        "FloorID": null,
        "Code": null,
        "ChargingPile": null,
        "Status": null,
        "StatusUpdateTime": null,
        "Lock": null,
        "Limiter": null,
        "LinkID": null
      },
      "geometry": {
        "type": "Polygon",
        "coordinates": [
          [
            [
              66.162621073975,
              113.35918343286998
            ],
            [
              65.68445169565561,
              111.00023317018427
            ],
            [
              60.475103195042635,
              112.0561905478844
            ],
            [
              60.953272573053,
              114.41514081205995
            ],
            [
              66.162621073975,
              113.35918343286998
            ]
          ]
        ]
      }
    },
    {
      "type": "Feature",
      "properties": {
        "SlotID": 162257583,
        "SlotType": null,
        "FloorID": null,
        "Code": null,
        "ChargingPile": null,
        "Status": null,
        "StatusUpdateTime": null,
        "Lock": null,
        "Limiter": null,
        "LinkID": null
      },
      "geometry": {
        "type": "Polygon",
        "coordinates": [
          [
            [
              65.32582466239904,
              109.23102047178119
            ],
            [
              64.84765528411945,
              106.8720702068175
            ],
            [
              59.63830678180904,
              107.92802758494538
            ],
            [
              60.116476160803074,
              110.28697784866523
            ],
            [
              65.32582466239904,
              109.23102047178119
            ]
          ]
        ]
      }
    },
    {
      "type": "Feature",
      "properties": {
        "SlotID": 162223908,
        "SlotType": null,
        "FloorID": null,
        "Code": null,
        "ChargingPile": null,
        "Status": null,
        "StatusUpdateTime": null,
        "Lock": null,
        "Limiter": null,
        "LinkID": null
      },
      "geometry": {
        "type": "Polygon",
        "coordinates": [
          [
            [
              64.84765528411945,
              106.8720702068175
            ],
            [
              64.36948590516488,
              104.51311994133744
            ],
            [
              59.16013740370062,
              105.56907732047661
            ],
            [
              59.63830678180904,
              107.92802758494538
            ],
            [
              64.84765528411945,
              106.8720702068175
            ]
          ]
        ]
      }
    },
    {
      "type": "Feature",
      "properties": {
        "SlotID": 162250128,
        "SlotType": null,
        "FloorID": null,
        "Code": null,
        "ChargingPile": null,
        "Status": null,
        "StatusUpdateTime": null,
        "Lock": null,
        "Limiter": null,
        "LinkID": null
      },
      "geometry": {
        "type": "Polygon",
        "coordinates": [
          [
            [
              64.36948590516488,
              104.51311994133744
            ],
            [
              63.8913165254441,
              102.15416967722466
            ],
            [
              58.68196802504892,
              103.21012705693725
            ],
            [
              59.16013740370062,
              105.56907732047661
            ],
            [
              64.36948590516488,
              104.51311994133744
            ]
          ]
        ]
      }
    },
    {
      "type": "Feature",
      "properties": {
        "SlotID": 162225768,
        "SlotType": null,
        "FloorID": null,
        "Code": null,
        "ChargingPile": null,
        "Status": null,
        "StatusUpdateTime": null,
        "Lock": null,
        "Limiter": null,
        "LinkID": null
      },
      "geometry": {
        "type": "Polygon",
        "coordinates": [
          [
            [
              69.05160815811001,
              126.2122729689099
            ],
            [
              68.57343877920684,
              123.85332270456554
            ],
            [
              63.36409027914779,
              124.90928008239231
            ],
            [
              63.84225965845638,
              127.268230347792
            ],
            [
              69.05160815811001,
              126.2122729689099
            ]
          ]
        ]
      }
    },
    {
      "type": "Feature",
      "properties": {
        "SlotID": 162289256,
        "SlotType": null,
        "FloorID": null,
        "Code": null,
        "ChargingPile": null,
        "Status": null,
        "StatusUpdateTime": null,
        "Lock": null,
        "Limiter": null,
        "LinkID": null
      },
      "geometry": {
        "type": "Polygon",
        "coordinates": [
          [
            [
              65.32582466239904,
              109.23102047178119
            ],
            [
              70.5351731635212,
              108.17506309227052
            ],
            [
              70.05700378470965,
              105.81611282842525
            ],
            [
              64.84765528411945,
              106.8720702068175
            ],
            [
              65.32582466239904,
              109.23102047178119
            ]
          ]
        ]
      }
    },
    {
      "type": "Feature",
      "properties": {
        "SlotID": 162277957,
        "SlotType": null,
        "FloorID": null,
        "Code": null,
        "ChargingPile": null,
        "Status": null,
        "StatusUpdateTime": null,
        "Lock": null,
        "Limiter": null,
        "LinkID": null
      },
      "geometry": {
        "type": "Polygon",
        "coordinates": [
          [
            [
              64.84765528411945,
              106.8720702068175
            ],
            [
              70.05700378470965,
              105.81611282842525
            ],
            [
              69.57883440651514,
              103.45716256500843
            ],
            [
              64.36948590516488,
              104.51311994133744
            ],
            [
              64.84765528411945,
              106.8720702068175
            ]
          ]
        ]
      }
    },
    {
      "type": "Feature",
      "properties": {
        "SlotID": 162290141,
        "SlotType": null,
        "FloorID": null,
        "Code": null,
        "ChargingPile": null,
        "Status": null,
        "StatusUpdateTime": null,
        "Lock": null,
        "Limiter": null,
        "LinkID": null
      },
      "geometry": {
        "type": "Polygon",
        "coordinates": [
          [
            [
              64.36948590516488,
              104.51311994133744
            ],
            [
              69.57883440651514,
              103.45716256500843
            ],
            [
              69.10066502866911,
              101.09821229915086
            ],
            [
              63.8913165254441,
              102.15416967722466
            ],
            [
              64.36948590516488,
              104.51311994133744
            ]
          ]
        ]
      }
    },
    {
      "type": "Feature",
      "properties": {
        "SlotID": 162283787,
        "SlotType": null,
        "FloorID": null,
        "Code": null,
        "ChargingPile": null,
        "Status": null,
        "StatusUpdateTime": null,
        "Lock": null,
        "Limiter": null,
        "LinkID": 132222890
      },
      "geometry": {
        "type": "Polygon",
        "coordinates": [
          [
            [
              57.5691068683621,
              89.65510220519104
            ],
            [
              58.625064244397265,
              94.86445070366969
            ],
            [
              60.98401450958564,
              94.38628132599928
            ],
            [
              59.92805713132108,
              89.17693282542488
            ],
            [
              57.5691068683621,
              89.65510220519104
            ]
          ]
        ]
      }
    },
    {
      "type": "Feature",
      "properties": {
        "SlotID": 162207616,
        "SlotType": null,
        "FloorID": null,
        "Code": null,
        "ChargingPile": null,
        "Status": null,
        "StatusUpdateTime": null,
        "Lock": null,
        "Limiter": null,
        "LinkID": 132222890
      },
      "geometry": {
        "type": "Polygon",
        "coordinates": [
          [
            [
              59.92805713132108,
              89.17693282542488
            ],
            [
              60.98401450958564,
              94.38628132599928
            ],
            [
              63.34296477498565,
              93.90811194851133
            ],
            [
              62.287007395829335,
              88.69876344726049
            ],
            [
              59.92805713132108,
              89.17693282542488
            ]
          ]
        ]
      }
    },
    {
      "type": "Feature",
      "properties": {
        "SlotID": 162267970,
        "SlotType": null,
        "FloorID": null,
        "Code": null,
        "ChargingPile": null,
        "Status": null,
        "StatusUpdateTime": null,
        "Lock": null,
        "Limiter": null,
        "LinkID": 132222890
      },
      "geometry": {
        "type": "Polygon",
        "coordinates": [
          [
            [
              62.287007395829335,
              88.69876344726049
            ],
            [
              63.34296477498565,
              93.90811194851133
            ],
            [
              65.70191503823104,
              93.42994256930533
            ],
            [
              64.64595766077215,
              88.22059406843601
            ],
            [
              62.287007395829335,
              88.69876344726049
            ]
          ]
        ]
      }
    },
    {
      "type": "Feature",
      "properties": {
        "SlotID": 162290222,
        "SlotType": null,
        "FloorID": null,
        "Code": null,
        "ChargingPile": null,
        "Status": null,
        "StatusUpdateTime": null,
        "Lock": null,
        "Limiter": null,
        "LinkID": 132256627
      },
      "geometry": {
        "type": "Polygon",
        "coordinates": [
          [
            [
              48.72304337598887,
              91.44823737507656
            ],
            [
              49.77900075265754,
              96.65758587536422
            ],
            [
              52.137951016759665,
              96.17941649653908
            ],
            [
              51.08199363955903,
              90.97006799656047
            ],
            [
              48.72304337598887,
              91.44823737507656
            ]
          ]
        ]
      }
    },
    {
      "type": "Feature",
      "properties": {
        "SlotID": 162252970,
        "SlotType": null,
        "FloorID": null,
        "Code": null,
        "ChargingPile": null,
        "Status": null,
        "StatusUpdateTime": null,
        "Lock": null,
        "Limiter": null,
        "LinkID": 132222890
      },
      "geometry": {
        "type": "Polygon",
        "coordinates": [
          [
            [
              51.08199363955903,
              90.97006799656047
            ],
            [
              52.137951016759665,
              96.17941649653908
            ],
            [
              54.49690128111904,
              95.70124711837083
            ],
            [
              53.44094390436429,
              90.49189861670715
            ],
            [
              51.08199363955903,
              90.97006799656047
            ]
          ]
        ]
      }
    },
    {
      "type": "Feature",
      "properties": {
        "SlotID": 162204043,
        "SlotType": null,
        "FloorID": null,
        "Code": null,
        "ChargingPile": null,
        "Status": null,
        "StatusUpdateTime": null,
        "Lock": null,
        "Limiter": null,
        "LinkID": 132222890
      },
      "geometry": {
        "type": "Polygon",
        "coordinates": [
          [
            [
              53.44094390436429,
              90.49189861670715
            ],
            [
              54.49690128111904,
              95.70124711837083
            ],
            [
              56.855851546135916,
              95.22307773910462
            ],
            [
              55.7998941699639,
              90.01372923839324
            ],
            [
              53.44094390436429,
              90.49189861670715
            ]
          ]
        ]
      }
    },
    {
      "type": "Feature",
      "properties": {
        "SlotID": 162239467,
        "SlotType": null,
        "FloorID": null,
        "Code": null,
        "ChargingPile": null,
        "Status": null,
        "StatusUpdateTime": null,
        "Lock": null,
        "Limiter": null,
        "LinkID": 132256627
      },
      "geometry": {
        "type": "Polygon",
        "coordinates": [
          [
            [
              39.876979883377075,
              93.24137254590701
            ],
            [
              40.93293726005089,
              98.45072104536297
            ],
            [
              43.29188752458688,
              97.97255166667694
            ],
            [
              42.235930147289864,
              92.76320316739046
            ],
            [
              39.876979883377075,
              93.24137254590701
            ]
          ]
        ]
      }
    },
    {
      "type": "Feature",
      "properties": {
        "SlotID": 162238251,
        "SlotType": null,
        "FloorID": null,
        "Code": null,
        "ChargingPile": null,
        "Status": null,
        "StatusUpdateTime": null,
        "Lock": null,
        "Limiter": null,
        "LinkID": 132253995
      },
      "geometry": {
        "type": "Polygon",
        "coordinates": [
          [
            [
              42.235930147289864,
              92.76320316739046
            ],
            [
              43.29188752458688,
              97.97255166667694
            ],
            [
              45.65083778928887,
              97.49438228810357
            ],
            [
              44.59488041252897,
              92.28503378767627
            ],
            [
              42.235930147289864,
              92.76320316739046
            ]
          ]
        ]
      }
    },
    {
      "type": "Feature",
      "properties": {
        "SlotID": 162200381,
        "SlotType": null,
        "FloorID": null,
        "Code": null,
        "ChargingPile": null,
        "Status": null,
        "StatusUpdateTime": null,
        "Lock": null,
        "Limiter": null,
        "LinkID": 132253995
      },
      "geometry": {
        "type": "Polygon",
        "coordinates": [
          [
            [
              44.59488041252897,
              92.28503378767627
            ],
            [
              45.65083778928887,
              97.49438228810357
            ],
            [
              48.00978805353368,
              97.01621290940766
            ],
            [
              46.95383067851684,
              91.80686441024102
            ],
            [
              44.59488041252897,
              92.28503378767627
            ]
          ]
        ]
      }
    },
    {
      "type": "Feature",
      "properties": {
        "SlotID": 162252635,
        "SlotType": null,
        "FloorID": null,
        "Code": null,
        "ChargingPile": null,
        "Status": null,
        "StatusUpdateTime": null,
        "Lock": null,
        "Limiter": null,
        "LinkID": 132237269
      },
      "geometry": {
        "type": "Polygon",
        "coordinates": [
          [
            [
              27.334144056052942,
              98.49220602129891
            ],
            [
              32.5434925561766,
              97.43624864367843
            ],
            [
              32.06532317897544,
              95.07729837867277
            ],
            [
              26.85597467697702,
              96.13325575641942
            ],
            [
              27.334144056052942,
              98.49220602129891
            ]
          ]
        ]
      }
    },
    {
      "type": "Feature",
      "properties": {
        "SlotID": 162249592,
        "SlotType": null,
        "FloorID": null,
        "Code": null,
        "ChargingPile": null,
        "Status": null,
        "StatusUpdateTime": null,
        "Lock": null,
        "Limiter": null,
        "LinkID": 132237269
      },
      "geometry": {
        "type": "Polygon",
        "coordinates": [
          [
            [
              26.85597467697702,
              96.13325575641942
            ],
            [
              32.06532317897544,
              95.07729837867277
            ],
            [
              31.587153800030215,
              92.71834811419596
            ],
            [
              26.37780529798618,
              93.77430549268213
            ],
            [
              26.85597467697702,
              96.13325575641942
            ]
          ]
        ]
      }
    },
    {
      "type": "Feature",
      "properties": {
        "SlotID": 162276580,
        "SlotType": null,
        "FloorID": null,
        "Code": null,
        "ChargingPile": null,
        "Status": null,
        "StatusUpdateTime": null,
        "Lock": null,
        "Limiter": null,
        "LinkID": 132273777
      },
      "geometry": {
        "type": "Polygon",
        "coordinates": [
          [
            [
              26.37780529798618,
              93.77430549268213
            ],
            [
              31.587153800030215,
              92.71834811419596
            ],
            [
              31.108984420987593,
              90.35939785017749
            ],
            [
              25.899635920412898,
              91.41535522829149
            ],
            [
              26.37780529798618,
              93.77430549268213
            ]
          ]
        ]
      }
    },
    {
      "type": "Feature",
      "properties": {
        "SlotID": 162228842,
        "SlotType": null,
        "FloorID": null,
        "Code": null,
        "ChargingPile": null,
        "Status": null,
        "StatusUpdateTime": null,
        "Lock": null,
        "Limiter": null,
        "LinkID": null
      },
      "geometry": {
        "type": "Polygon",
        "coordinates": [
          [
            [
              60.892409418525254,
              87.35967836470158
            ],
            [
              66.10175791747909,
              86.3037209859304
            ],
            [
              65.62358853981152,
              83.94477072127182
            ],
            [
              60.4142400388917,
              85.00072810002955
            ],
            [
              60.892409418525254,
              87.35967836470158
            ]
          ]
        ]
      }
    },
    {
      "type": "Feature",
      "properties": {
        "SlotID": 162238067,
        "SlotType": null,
        "FloorID": null,
        "Code": null,
        "ChargingPile": null,
        "Status": null,
        "StatusUpdateTime": null,
        "Lock": null,
        "Limiter": null,
        "LinkID": null
      },
      "geometry": {
        "type": "Polygon",
        "coordinates": [
          [
            [
              100.7100786286634,
              102.05847978667794
            ],
            [
              105.91942712893768,
              101.00252240800586
            ],
            [
              105.4412577502733,
              98.64357214351588
            ],
            [
              100.23190924986216,
              99.6995295223832
            ],
            [
              100.7100786286634,
              102.05847978667794
            ]
          ]
        ]
      }
    },
    {
      "type": "Feature",
      "properties": {
        "SlotID": 162253739,
        "SlotType": null,
        "FloorID": null,
        "Code": null,
        "ChargingPile": null,
        "Status": null,
        "StatusUpdateTime": null,
        "Lock": null,
        "Limiter": null,
        "LinkID": null
      },
      "geometry": {
        "type": "Polygon",
        "coordinates": [
          [
            [
              100.23190924986216,
              99.6995295223832
            ],
            [
              105.4412577502733,
              98.64357214351588
            ],
            [
              104.9630883719574,
              96.28462187982245
            ],
            [
              99.75373987190089,
              97.3405792584837
            ],
            [
              100.23190924986216,
              99.6995295223832
            ]
          ]
        ]
      }
    },
    {
      "type": "Feature",
      "properties": {
        "SlotID": 162213398,
        "SlotType": null,
        "FloorID": null,
        "Code": null,
        "ChargingPile": null,
        "Status": null,
        "StatusUpdateTime": null,
        "Lock": null,
        "Limiter": null,
        "LinkID": null
      },
      "geometry": {
        "type": "Polygon",
        "coordinates": [
          [
            [
              99.75373987190089,
              97.3405792584837
            ],
            [
              104.9630883719574,
              96.28462187982245
            ],
            [
              104.48491899336678,
              93.92567161588103
            ],
            [
              99.27557049464792,
              94.98162899434296
            ],
            [
              99.75373987190089,
              97.3405792584837
            ]
          ]
        ]
      }
    },
    {
      "type": "Feature",
      "properties": {
        "SlotID": 162262519,
        "SlotType": null,
        "FloorID": null,
        "Code": null,
        "ChargingPile": null,
        "Status": null,
        "StatusUpdateTime": null,
        "Lock": null,
        "Limiter": null,
        "LinkID": null
      },
      "geometry": {
        "type": "Polygon",
        "coordinates": [
          [
            [
              100.7100786286634,
              102.05847978667794
            ],
            [
              100.23190924986216,
              99.6995295223832
            ],
            [
              95.02256075045169,
              100.75548690106196
            ],
            [
              95.5007301284524,
              103.11443716643853
            ],
            [
              100.7100786286634,
              102.05847978667794
            ]
          ]
        ]
      }
    },
    {
      "type": "Feature",
      "properties": {
        "SlotID": 162256533,
        "SlotType": null,
        "FloorID": null,
        "Code": null,
        "ChargingPile": null,
        "Status": null,
        "StatusUpdateTime": null,
        "Lock": null,
        "Limiter": null,
        "LinkID": null
      },
      "geometry": {
        "type": "Polygon",
        "coordinates": [
          [
            [
              100.23190924986216,
              99.6995295223832
            ],
            [
              99.75373987190089,
              97.3405792584837
            ],
            [
              94.54439137199894,
              98.39653663634978
            ],
            [
              95.02256075045169,
              100.75548690106196
            ],
            [
              100.23190924986216,
              99.6995295223832
            ]
          ]
        ]
      }
    },
    {
      "type": "Feature",
      "properties": {
        "SlotID": 162281222,
        "SlotType": null,
        "FloorID": null,
        "Code": null,
        "ChargingPile": null,
        "Status": null,
        "StatusUpdateTime": null,
        "Lock": null,
        "Limiter": null,
        "LinkID": null
      },
      "geometry": {
        "type": "Polygon",
        "coordinates": [
          [
            [
              99.75373987190089,
              97.3405792584837
            ],
            [
              99.27557049464792,
              94.98162899434296
            ],
            [
              94.06622199295728,
              96.03758637330652
            ],
            [
              94.54439137199894,
              98.39653663634978
            ],
            [
              99.75373987190089,
              97.3405792584837
            ]
          ]
        ]
      }
    },
    {
      "type": "Feature",
      "properties": {
        "SlotID": 162291024,
        "SlotType": null,
        "FloorID": null,
        "Code": null,
        "ChargingPile": null,
        "Status": null,
        "StatusUpdateTime": null,
        "Lock": null,
        "Limiter": null,
        "LinkID": null
      },
      "geometry": {
        "type": "Polygon",
        "coordinates": [
          [
            [
              83.01795164748285,
              105.64475013018236
            ],
            [
              88.22730014742358,
              104.58879275124217
            ],
            [
              87.74913076750249,
              102.22984248673129
            ],
            [
              82.539782266979,
              103.28579986471917
            ],
            [
              83.01795164748285,
              105.64475013018236
            ]
          ]
        ]
      }
    },
    {
      "type": "Feature",
      "properties": {
        "SlotID": 162203804,
        "SlotType": null,
        "FloorID": null,
        "Code": null,
        "ChargingPile": null,
        "Status": null,
        "StatusUpdateTime": null,
        "Lock": null,
        "Limiter": null,
        "LinkID": null
      },
      "geometry": {
        "type": "Polygon",
        "coordinates": [
          [
            [
              82.539782266979,
              103.28579986471917
            ],
            [
              87.74913076750249,
              102.22984248673129
            ],
            [
              87.27096138958169,
              99.87089222211466
            ],
            [
              82.06161288990435,
              100.92684960030452
            ],
            [
              82.539782266979,
              103.28579986471917
            ]
          ]
        ]
      }
    },
    {
      "type": "Feature",
      "properties": {
        "SlotID": 162266063,
        "SlotType": null,
        "FloorID": null,
        "Code": null,
        "ChargingPile": null,
        "Status": null,
        "StatusUpdateTime": null,
        "Lock": null,
        "Limiter": null,
        "LinkID": null
      },
      "geometry": {
        "type": "Polygon",
        "coordinates": [
          [
            [
              82.06161288990435,
              100.92684960030452
            ],
            [
              87.27096138958169,
              99.87089222211466
            ],
            [
              86.7927920125465,
              97.51194195755843
            ],
            [
              81.5834435109944,
              98.56789933627911
            ],
            [
              82.06161288990435,
              100.92684960030452
            ]
          ]
        ]
      }
    },
    {
      "type": "Feature",
      "properties": {
        "SlotID": 162219664,
        "SlotType": null,
        "FloorID": null,
        "Code": null,
        "ChargingPile": null,
        "Status": null,
        "StatusUpdateTime": null,
        "Lock": null,
        "Limiter": null,
        "LinkID": null
      },
      "geometry": {
        "type": "Polygon",
        "coordinates": [
          [
            [
              83.01795164748285,
              105.64475013018236
            ],
            [
              82.539782266979,
              103.28579986471917
            ],
            [
              77.33043376616419,
              104.34175724319229
            ],
            [
              77.80860314466156,
              106.70070750854983
            ],
            [
              83.01795164748285,
              105.64475013018236
            ]
          ]
        ]
      }
    },
    {
      "type": "Feature",
      "properties": {
        "SlotID": 162255053,
        "SlotType": null,
        "FloorID": null,
        "Code": null,
        "ChargingPile": null,
        "Status": null,
        "StatusUpdateTime": null,
        "Lock": null,
        "Limiter": null,
        "LinkID": null
      },
      "geometry": {
        "type": "Polygon",
        "coordinates": [
          [
            [
              82.539782266979,
              103.28579986471917
            ],
            [
              82.06161288990435,
              100.92684960030452
            ],
            [
              76.85226438823824,
              101.98280697900275
            ],
            [
              77.33043376616419,
              104.34175724319229
            ],
            [
              82.539782266979,
              103.28579986471917
            ]
          ]
        ]
      }
    },
    {
      "type": "Feature",
      "properties": {
        "SlotID": 162233743,
        "SlotType": null,
        "FloorID": null,
        "Code": null,
        "ChargingPile": null,
        "Status": null,
        "StatusUpdateTime": null,
        "Lock": null,
        "Limiter": null,
        "LinkID": null
      },
      "geometry": {
        "type": "Polygon",
        "coordinates": [
          [
            [
              82.06161288990435,
              100.92684960030452
            ],
            [
              81.5834435109944,
              98.56789933627911
            ],
            [
              76.37409500923704,
              99.62385671483773
            ],
            [
              76.85226438823824,
              101.98280697900275
            ],
            [
              82.06161288990435,
              100.92684960030452
            ]
          ]
        ]
      }
    },
    {
      "type": "Feature",
      "properties": {
        "SlotID": 162278765,
        "SlotType": null,
        "FloorID": null,
        "Code": null,
        "ChargingPile": null,
        "Status": null,
        "StatusUpdateTime": null,
        "Lock": null,
        "Limiter": null,
        "LinkID": null
      },
      "geometry": {
        "type": "Polygon",
        "coordinates": [
          [
            [
              119.04242283476017,
              102.640219854325
            ],
            [
              118.56425345605598,
              100.28126958928036
            ],
            [
              113.354904955889,
              101.33722696887689
            ],
            [
              113.83307433396999,
              103.69617723368634
            ],
            [
              119.04242283476017,
              102.640219854325
            ]
          ]
        ]
      }
    },
    {
      "type": "Feature",
      "properties": {
        "SlotID": 162249631,
        "SlotType": null,
        "FloorID": null,
        "Code": null,
        "ChargingPile": null,
        "Status": null,
        "StatusUpdateTime": null,
        "Lock": null,
        "Limiter": null,
        "LinkID": null
      },
      "geometry": {
        "type": "Polygon",
        "coordinates": [
          [
            [
              118.20562642160894,
              98.51205689164587
            ],
            [
              117.7274570425899,
              96.15310662736195
            ],
            [
              112.51810854366933,
              97.20906400742886
            ],
            [
              112.99627792157366,
              99.56801427066492
            ],
            [
              118.20562642160894,
              98.51205689164587
            ]
          ]
        ]
      }
    },
    {
      "type": "Feature",
      "properties": {
        "SlotID": 162276154,
        "SlotType": null,
        "FloorID": null,
        "Code": null,
        "ChargingPile": null,
        "Status": null,
        "StatusUpdateTime": null,
        "Lock": null,
        "Limiter": null,
        "LinkID": null
      },
      "geometry": {
        "type": "Polygon",
        "coordinates": [
          [
            [
              117.7274570425899,
              96.15310662736195
            ],
            [
              117.24928766503922,
              93.7941563632814
            ],
            [
              112.0399391650444,
              94.85011374279732
            ],
            [
              112.51810854366933,
              97.20906400742886
            ],
            [
              117.7274570425899,
              96.15310662736195
            ]
          ]
        ]
      }
    },
    {
      "type": "Feature",
      "properties": {
        "SlotID": 162258470,
        "SlotType": null,
        "FloorID": null,
        "Code": null,
        "ChargingPile": null,
        "Status": null,
        "StatusUpdateTime": null,
        "Lock": null,
        "Limiter": null,
        "LinkID": null
      },
      "geometry": {
        "type": "Polygon",
        "coordinates": [
          [
            [
              111.79202658632727,
              77.4359442032997
            ],
            [
              114.15097685204204,
              76.95777482377176
            ],
            [
              113.09501947277813,
              71.748426323856
            ],
            [
              110.73606920790951,
              72.22659570318125
            ],
            [
              111.79202658632727,
              77.4359442032997
            ]
          ]
        ]
      }
    },
    {
      "type": "Feature",
      "properties": {
        "SlotID": 162224883,
        "SlotType": null,
        "FloorID": null,
        "Code": null,
        "ChargingPile": null,
        "Status": null,
        "StatusUpdateTime": null,
        "Lock": null,
        "Limiter": null,
        "LinkID": null
      },
      "geometry": {
        "type": "Polygon",
        "coordinates": [
          [
            [
              114.15097685204204,
              76.95777482377176
            ],
            [
              116.50992711395548,
              76.47960544461958
            ],
            [
              115.45396973652072,
              71.2702569441032
            ],
            [
              113.09501947277813,
              71.748426323856
            ],
            [
              114.15097685204204,
              76.95777482377176
            ]
          ]
        ]
      }
    },
    {
      "type": "Feature",
      "properties": {
        "SlotID": 162214649,
        "SlotType": null,
        "FloorID": null,
        "Code": null,
        "ChargingPile": null,
        "Status": null,
        "StatusUpdateTime": null,
        "Lock": null,
        "Limiter": null,
        "LinkID": null
      },
      "geometry": {
        "type": "Polygon",
        "coordinates": [
          [
            [
              89.1479295291636,
              63.70924900078309
            ],
            [
              90.20388690762607,
              68.91859750155692
            ],
            [
              92.5628371710437,
              68.4404281228107
            ],
            [
              91.50687979334128,
              63.231079621672166
            ],
            [
              89.1479295291636,
              63.70924900078309
            ]
          ]
        ]
      }
    },
    {
      "type": "Feature",
      "properties": {
        "SlotID": 162227450,
        "SlotType": null,
        "FloorID": null,
        "Code": null,
        "ChargingPile": null,
        "Status": null,
        "StatusUpdateTime": null,
        "Lock": null,
        "Limiter": null,
        "LinkID": null
      },
      "geometry": {
        "type": "Polygon",
        "coordinates": [
          [
            [
              91.50687979334128,
              63.231079621672166
            ],
            [
              92.5628371710437,
              68.4404281228107
            ],
            [
              94.92178743561034,
              67.96225874296985
            ],
            [
              93.86583005799916,
              62.75291024318493
            ],
            [
              91.50687979334128,
              63.231079621672166
            ]
          ]
        ]
      }
    },
    {
      "type": "Feature",
      "properties": {
        "SlotID": 162226342,
        "SlotType": null,
        "FloorID": null,
        "Code": null,
        "ChargingPile": null,
        "Status": null,
        "StatusUpdateTime": null,
        "Lock": null,
        "Limiter": null,
        "LinkID": null
      },
      "geometry": {
        "type": "Polygon",
        "coordinates": [
          [
            [
              93.86583005799916,
              62.75291024318493
            ],
            [
              94.92178743561034,
              67.96225874296985
            ],
            [
              97.28073769994272,
              67.48408936459191
            ],
            [
              96.22478032166273,
              62.27474086369266
            ],
            [
              93.86583005799916,
              62.75291024318493
            ]
          ]
        ]
      }
    },
    {
      "type": "Feature",
      "properties": {
        "SlotID": 162234186,
        "SlotType": null,
        "FloorID": null,
        "Code": null,
        "ChargingPile": null,
        "Status": null,
        "StatusUpdateTime": null,
        "Lock": null,
        "Limiter": null,
        "LinkID": null
      },
      "geometry": {
        "type": "Polygon",
        "coordinates": [
          [
            [
              89.1479295291636,
              63.70924900078309
            ],
            [
              91.50687979334128,
              63.231079621672166
            ],
            [
              90.45092241527693,
              58.02173112119432
            ],
            [
              88.09197215078507,
              58.49990050019886
            ],
            [
              89.1479295291636,
              63.70924900078309
            ]
          ]
        ]
      }
    },
    {
      "type": "Feature",
      "properties": {
        "SlotID": 162272269,
        "SlotType": null,
        "FloorID": null,
        "Code": null,
        "ChargingPile": null,
        "Status": null,
        "StatusUpdateTime": null,
        "Lock": null,
        "Limiter": null,
        "LinkID": null
      },
      "geometry": {
        "type": "Polygon",
        "coordinates": [
          [
            [
              91.50687979334128,
              63.231079621672166
            ],
            [
              93.86583005799916,
              62.75291024318493
            ],
            [
              92.80987268069487,
              57.54356174274704
            ],
            [
              90.45092241527693,
              58.02173112119432
            ],
            [
              91.50687979334128,
              63.231079621672166
            ]
          ]
        ]
      }
    },
    {
      "type": "Feature",
      "properties": {
        "SlotID": 162230047,
        "SlotType": null,
        "FloorID": null,
        "Code": null,
        "ChargingPile": null,
        "Status": null,
        "StatusUpdateTime": null,
        "Lock": null,
        "Limiter": null,
        "LinkID": null
      },
      "geometry": {
        "type": "Polygon",
        "coordinates": [
          [
            [
              93.86583005799916,
              62.75291024318493
            ],
            [
              96.22478032166273,
              62.27474086369266
            ],
            [
              95.16882294378085,
              57.06539236349404
            ],
            [
              92.80987268069487,
              57.54356174274704
            ],
            [
              93.86583005799916,
              62.75291024318493
            ]
          ]
        ]
      }
    },
    {
      "type": "Feature",
      "properties": {
        "SlotID": 162221740,
        "SlotType": null,
        "FloorID": null,
        "Code": null,
        "ChargingPile": null,
        "Status": null,
        "StatusUpdateTime": null,
        "Lock": null,
        "Limiter": null,
        "LinkID": null
      },
      "geometry": {
        "type": "Polygon",
        "coordinates": [
          [
            [
              80.30186603754669,
              65.50238417153265
            ],
            [
              81.35782341623724,
              70.71173267225085
            ],
            [
              83.71677368031169,
              70.23356329320589
            ],
            [
              82.66081630233556,
              65.02421479367182
            ],
            [
              80.30186603754669,
              65.50238417153265
            ]
          ]
        ]
      }
    },
    {
      "type": "Feature",
      "properties": {
        "SlotID": 162276162,
        "SlotType": null,
        "FloorID": null,
        "Code": null,
        "ChargingPile": null,
        "Status": null,
        "StatusUpdateTime": null,
        "Lock": null,
        "Limiter": null,
        "LinkID": null
      },
      "geometry": {
        "type": "Polygon",
        "coordinates": [
          [
            [
              82.66081630233556,
              65.02421479367182
            ],
            [
              83.71677368031169,
              70.23356329320589
            ],
            [
              86.07572394482068,
              69.75539391431015
            ],
            [
              85.01976656715874,
              64.54604541407315
            ],
            [
              82.66081630233556,
              65.02421479367182
            ]
          ]
        ]
      }
    },
    {
      "type": "Feature",
      "properties": {
        "SlotID": 162250574,
        "SlotType": null,
        "FloorID": null,
        "Code": null,
        "ChargingPile": null,
        "Status": null,
        "StatusUpdateTime": null,
        "Lock": null,
        "Limiter": null,
        "LinkID": null
      },
      "geometry": {
        "type": "Polygon",
        "coordinates": [
          [
            [
              85.01976656715874,
              64.54604541407315
            ],
            [
              86.07572394482068,
              69.75539391431015
            ],
            [
              88.43467420998718,
              69.27722453553042
            ],
            [
              87.37871683254818,
              64.06787603485553
            ],
            [
              85.01976656715874,
              64.54604541407315
            ]
          ]
        ]
      }
    },
    {
      "type": "Feature",
      "properties": {
        "SlotID": 162252446,
        "SlotType": null,
        "FloorID": null,
        "Code": null,
        "ChargingPile": null,
        "Status": null,
        "StatusUpdateTime": null,
        "Lock": null,
        "Limiter": null,
        "LinkID": null
      },
      "geometry": {
        "type": "Polygon",
        "coordinates": [
          [
            [
              80.30186603754669,
              65.50238417153265
            ],
            [
              82.66081630233556,
              65.02421479367182
            ],
            [
              81.60485892422042,
              59.814866292741904
            ],
            [
              79.24590866018646,
              60.293035671879075
            ],
            [
              80.30186603754669,
              65.50238417153265
            ]
          ]
        ]
      }
    },
    {
      "type": "Feature",
      "properties": {
        "SlotID": 162248523,
        "SlotType": null,
        "FloorID": null,
        "Code": null,
        "ChargingPile": null,
        "Status": null,
        "StatusUpdateTime": null,
        "Lock": null,
        "Limiter": null,
        "LinkID": null
      },
      "geometry": {
        "type": "Polygon",
        "coordinates": [
          [
            [
              82.66081630233556,
              65.02421479367182
            ],
            [
              85.01976656715874,
              64.54604541407315
            ],
            [
              83.96380918922092,
              59.33669691344487
            ],
            [
              81.60485892422042,
              59.814866292741904
            ],
            [
              82.66081630233556,
              65.02421479367182
            ]
          ]
        ]
      }
    },
    {
      "type": "Feature",
      "properties": {
        "SlotID": 162277634,
        "SlotType": null,
        "FloorID": null,
        "Code": null,
        "ChargingPile": null,
        "Status": null,
        "StatusUpdateTime": null,
        "Lock": null,
        "Limiter": null,
        "LinkID": null
      },
      "geometry": {
        "type": "Polygon",
        "coordinates": [
          [
            [
              85.01976656715874,
              64.54604541407315
            ],
            [
              87.37871683254818,
              64.06787603485553
            ],
            [
              86.32275945300931,
              58.85852753477226
            ],
            [
              83.96380918922092,
              59.33669691344487
            ],
            [
              85.01976656715874,
              64.54604541407315
            ]
          ]
        ]
      }
    },
    {
      "type": "Feature",
      "properties": {
        "SlotID": 162241786,
        "SlotType": null,
        "FloorID": null,
        "Code": null,
        "ChargingPile": null,
        "Status": null,
        "StatusUpdateTime": null,
        "Lock": null,
        "Limiter": null,
        "LinkID": null
      },
      "geometry": {
        "type": "Polygon",
        "coordinates": [
          [
            [
              71.98601121886168,
              67.18804376141011
            ],
            [
              73.04196859804888,
              72.39739226089529
            ],
            [
              75.4009188610048,
              71.91922288273258
            ],
            [
              74.34496148226346,
              66.70987438237164
            ],
            [
              71.98601121886168,
              67.18804376141011
            ]
          ]
        ]
      }
    },
    {
      "type": "Feature",
      "properties": {
        "SlotID": 162230481,
        "SlotType": null,
        "FloorID": null,
        "Code": null,
        "ChargingPile": null,
        "Status": null,
        "StatusUpdateTime": null,
        "Lock": null,
        "Limiter": null,
        "LinkID": null
      },
      "geometry": {
        "type": "Polygon",
        "coordinates": [
          [
            [
              74.34496148226346,
              66.70987438237164
            ],
            [
              75.4009188610048,
              71.91922288273258
            ],
            [
              77.7598691257329,
              71.44105350411512
            ],
            [
              76.70391174868901,
              66.23170500373105
            ],
            [
              74.34496148226346,
              66.70987438237164
            ]
          ]
        ]
      }
    },
    {
      "type": "Feature",
      "properties": {
        "SlotID": 162223780,
        "SlotType": null,
        "FloorID": null,
        "Code": null,
        "ChargingPile": null,
        "Status": null,
        "StatusUpdateTime": null,
        "Lock": null,
        "Limiter": null,
        "LinkID": null
      },
      "geometry": {
        "type": "Polygon",
        "coordinates": [
          [
            [
              76.70391174868901,
              66.23170500373105
            ],
            [
              77.7598691257329,
              71.44105350411512
            ],
            [
              80.11881939000382,
              70.96288412497044
            ],
            [
              79.06286201184523,
              65.75353562475247
            ],
            [
              76.70391174868901,
              66.23170500373105
            ]
          ]
        ]
      }
    },
    {
      "type": "Feature",
      "properties": {
        "SlotID": 162252107,
        "SlotType": null,
        "FloorID": null,
        "Code": null,
        "ChargingPile": null,
        "Status": null,
        "StatusUpdateTime": null,
        "Lock": null,
        "Limiter": null,
        "LinkID": null
      },
      "geometry": {
        "type": "Polygon",
        "coordinates": [
          [
            [
              97.99399302022778,
              61.916113829658116
            ],
            [
              99.04995039846216,
              67.12546233089222
            ],
            [
              101.40890066309774,
              66.64729295150927
            ],
            [
              100.35294328504585,
              61.43794445095906
            ],
            [
              97.99399302022778,
              61.916113829658116
            ]
          ]
        ]
      }
    },
    {
      "type": "Feature",
      "properties": {
        "SlotID": 162286430,
        "SlotType": null,
        "FloorID": null,
        "Code": null,
        "ChargingPile": null,
        "Status": null,
        "StatusUpdateTime": null,
        "Lock": null,
        "Limiter": null,
        "LinkID": null
      },
      "geometry": {
        "type": "Polygon",
        "coordinates": [
          [
            [
              100.35294328504585,
              61.43794445095906
            ],
            [
              101.40890066309774,
              66.64729295150927
            ],
            [
              103.76785092629314,
              66.16912357199703
            ],
            [
              102.71189354931548,
              60.95977507280716
            ],
            [
              100.35294328504585,
              61.43794445095906
            ]
          ]
        ]
      }
    },
    {
      "type": "Feature",
      "properties": {
        "SlotID": 162264208,
        "SlotType": null,
        "FloorID": null,
        "Code": null,
        "ChargingPile": null,
        "Status": null,
        "StatusUpdateTime": null,
        "Lock": null,
        "Limiter": null,
        "LinkID": null
      },
      "geometry": {
        "type": "Polygon",
        "coordinates": [
          [
            [
              102.71189354931548,
              60.95977507280716
            ],
            [
              103.76785092629314,
              66.16912357199703
            ],
            [
              106.12680119206644,
              65.69095419416313
            ],
            [
              105.07084381285935,
              60.481605693282134
            ],
            [
              102.71189354931548,
              60.95977507280716
            ]
          ]
        ]
      }
    },
    {
      "type": "Feature",
      "properties": {
        "SlotID": 162260377,
        "SlotType": null,
        "FloorID": null,
        "Code": null,
        "ChargingPile": null,
        "Status": null,
        "StatusUpdateTime": null,
        "Lock": null,
        "Limiter": null,
        "LinkID": null
      },
      "geometry": {
        "type": "Polygon",
        "coordinates": [
          [
            [
              97.99399302022778,
              61.916113829658116
            ],
            [
              100.35294328504585,
              61.43794445095906
            ],
            [
              99.29698590636343,
              56.22859595103294
            ],
            [
              96.93803564243713,
              56.70676532959912
            ],
            [
              97.99399302022778,
              61.916113829658116
            ]
          ]
        ]
      }
    },
    {
      "type": "Feature",
      "properties": {
        "SlotID": 162286394,
        "SlotType": null,
        "FloorID": null,
        "Code": null,
        "ChargingPile": null,
        "Status": null,
        "StatusUpdateTime": null,
        "Lock": null,
        "Limiter": null,
        "LinkID": null
      },
      "geometry": {
        "type": "Polygon",
        "coordinates": [
          [
            [
              100.35294328504585,
              61.43794445095906
            ],
            [
              102.71189354931548,
              60.95977507280716
            ],
            [
              101.65593617201634,
              55.750426571132884
            ],
            [
              99.29698590636343,
              56.22859595103294
            ],
            [
              100.35294328504585,
              61.43794445095906
            ]
          ]
        ]
      }
    },
    {
      "type": "Feature",
      "properties": {
        "SlotID": 162293695,
        "SlotType": null,
        "FloorID": null,
        "Code": null,
        "ChargingPile": null,
        "Status": null,
        "StatusUpdateTime": null,
        "Lock": null,
        "Limiter": null,
        "LinkID": null
      },
      "geometry": {
        "type": "Polygon",
        "coordinates": [
          [
            [
              102.71189354931548,
              60.95977507280716
            ],
            [
              105.07084381285935,
              60.481605693282134
            ],
            [
              104.01488643485092,
              55.2722571928293
            ],
            [
              101.65593617201634,
              55.750426571132884
            ],
            [
              102.71189354931548,
              60.95977507280716
            ]
          ]
        ]
      }
    },
    {
      "type": "Feature",
      "properties": {
        "SlotID": 162202119,
        "SlotType": null,
        "FloorID": null,
        "Code": null,
        "ChargingPile": null,
        "Status": null,
        "StatusUpdateTime": null,
        "Lock": null,
        "Limiter": null,
        "LinkID": null
      },
      "geometry": {
        "type": "Polygon",
        "coordinates": [
          [
            [
              106.84005651181346,
              60.12297865870873
            ],
            [
              107.89601388892282,
              65.33232715934443
            ],
            [
              110.25496415499931,
              64.85415778010083
            ],
            [
              109.1990067764206,
              59.64480927943266
            ],
            [
              106.84005651181346,
              60.12297865870873
            ]
          ]
        ]
      }
    },
    {
      "type": "Feature",
      "properties": {
        "SlotID": 162260394,
        "SlotType": null,
        "FloorID": null,
        "Code": null,
        "ChargingPile": null,
        "Status": null,
        "StatusUpdateTime": null,
        "Lock": null,
        "Limiter": null,
        "LinkID": null
      },
      "geometry": {
        "type": "Polygon",
        "coordinates": [
          [
            [
              109.1990067764206,
              59.64480927943266
            ],
            [
              110.25496415499931,
              64.85415778010083
            ],
            [
              112.61391441722888,
              64.37598840075856
            ],
            [
              111.55795703891874,
              59.16663990053162
            ],
            [
              109.1990067764206,
              59.64480927943266
            ]
          ]
        ]
      }
    },
    {
      "type": "Feature",
      "properties": {
        "SlotID": 162250451,
        "SlotType": null,
        "FloorID": null,
        "Code": null,
        "ChargingPile": null,
        "Status": null,
        "StatusUpdateTime": null,
        "Lock": null,
        "Limiter": null,
        "LinkID": null
      },
      "geometry": {
        "type": "Polygon",
        "coordinates": [
          [
            [
              111.55795703891874,
              59.16663990053162
            ],
            [
              112.61391441722888,
              64.37598840075856
            ],
            [
              114.97286468100772,
              63.89781902220873
            ],
            [
              113.91690730296614,
              58.68847052201838
            ],
            [
              111.55795703891874,
              59.16663990053162
            ]
          ]
        ]
      }
    },
    {
      "type": "Feature",
      "properties": {
        "SlotID": 162295942,
        "SlotType": null,
        "FloorID": null,
        "Code": null,
        "ChargingPile": null,
        "Status": null,
        "StatusUpdateTime": null,
        "Lock": null,
        "Limiter": null,
        "LinkID": null
      },
      "geometry": {
        "type": "Polygon",
        "coordinates": [
          [
            [
              106.84005651181346,
              60.12297865870873
            ],
            [
              109.1990067764206,
              59.64480927943266
            ],
            [
              108.1430493975204,
              54.4354607791127
            ],
            [
              105.78409913398235,
              54.91363015815287
            ],
            [
              106.84005651181346,
              60.12297865870873
            ]
          ]
        ]
      }
    },
    {
      "type": "Feature",
      "properties": {
        "SlotID": 162297633,
        "SlotType": null,
        "FloorID": null,
        "Code": null,
        "ChargingPile": null,
        "Status": null,
        "StatusUpdateTime": null,
        "Lock": null,
        "Limiter": null,
        "LinkID": null
      },
      "geometry": {
        "type": "Polygon",
        "coordinates": [
          [
            [
              109.1990067764206,
              59.64480927943266
            ],
            [
              111.55795703891874,
              59.16663990053162
            ],
            [
              110.5019996617616,
              53.957291400258356
            ],
            [
              108.1430493975204,
              54.4354607791127
            ],
            [
              109.1990067764206,
              59.64480927943266
            ]
          ]
        ]
      }
    },
    {
      "type": "Feature",
      "properties": {
        "SlotID": 162206346,
        "SlotType": null,
        "FloorID": null,
        "Code": null,
        "ChargingPile": null,
        "Status": null,
        "StatusUpdateTime": null,
        "Lock": null,
        "Limiter": null,
        "LinkID": null
      },
      "geometry": {
        "type": "Polygon",
        "coordinates": [
          [
            [
              111.55795703891874,
              59.16663990053162
            ],
            [
              113.91690730296614,
              58.68847052201838
            ],
            [
              112.86094992549997,
              53.479122022020974
            ],
            [
              110.5019996617616,
              53.957291400258356
            ],
            [
              111.55795703891874,
              59.16663990053162
            ]
          ]
        ]
      }
    },
    {
      "type": "Feature",
      "properties": {
        "SlotID": 162201999,
        "SlotType": null,
        "FloorID": null,
        "Code": null,
        "ChargingPile": null,
        "Status": null,
        "StatusUpdateTime": null,
        "Lock": null,
        "Limiter": null,
        "LinkID": null
      },
      "geometry": {
        "type": "Polygon",
        "coordinates": [
          [
            [
              115.68612000168608,
              58.3298434878849
            ],
            [
              116.74207737936787,
              63.539191987494384
            ],
            [
              119.10102764394142,
              63.06102260794292
            ],
            [
              118.04507026697405,
              57.85167410830357
            ],
            [
              115.68612000168608,
              58.3298434878849
            ]
          ]
        ]
      }
    },
    {
      "type": "Feature",
      "properties": {
        "SlotID": 162266944,
        "SlotType": null,
        "FloorID": null,
        "Code": null,
        "ChargingPile": null,
        "Status": null,
        "StatusUpdateTime": null,
        "Lock": null,
        "Limiter": null,
        "LinkID": null
      },
      "geometry": {
        "type": "Polygon",
        "coordinates": [
          [
            [
              118.04507026697405,
              57.85167410830357
            ],
            [
              119.10102764394142,
              63.06102260794292
            ],
            [
              121.459977907166,
              62.582853229615765
            ],
            [
              120.40402053024427,
              57.37350472923691
            ],
            [
              118.04507026697405,
              57.85167410830357
            ]
          ]
        ]
      }
    },
    {
      "type": "Feature",
      "properties": {
        "SlotID": 162253425,
        "SlotType": null,
        "FloorID": null,
        "Code": null,
        "ChargingPile": null,
        "Status": null,
        "StatusUpdateTime": null,
        "Lock": null,
        "Limiter": null,
        "LinkID": null
      },
      "geometry": {
        "type": "Polygon",
        "coordinates": [
          [
            [
              120.40402053024427,
              57.37350472923691
            ],
            [
              121.459977907166,
              62.582853229615765
            ],
            [
              123.8189281716713,
              62.10468384961652
            ],
            [
              122.76297079377173,
              56.895335350422506
            ],
            [
              120.40402053024427,
              57.37350472923691
            ]
          ]
        ]
      }
    },
    {
      "type": "Feature",
      "properties": {
        "SlotID": 162275564,
        "SlotType": null,
        "FloorID": null,
        "Code": null,
        "ChargingPile": null,
        "Status": null,
        "StatusUpdateTime": null,
        "Lock": null,
        "Limiter": null,
        "LinkID": null
      },
      "geometry": {
        "type": "Polygon",
        "coordinates": [
          [
            [
              115.68612000168608,
              58.3298434878849
            ],
            [
              118.04507026697405,
              57.85167410830357
            ],
            [
              116.98911288710117,
              52.642325607932094
            ],
            [
              114.63016262372841,
              53.12049498667014
            ],
            [
              115.68612000168608,
              58.3298434878849
            ]
          ]
        ]
      }
    },
    {
      "type": "Feature",
      "properties": {
        "SlotID": 162290113,
        "SlotType": null,
        "FloorID": null,
        "Code": null,
        "ChargingPile": null,
        "Status": null,
        "StatusUpdateTime": null,
        "Lock": null,
        "Limiter": null,
        "LinkID": null
      },
      "geometry": {
        "type": "Polygon",
        "coordinates": [
          [
            [
              118.04507026697405,
              57.85167410830357
            ],
            [
              120.40402053024427,
              57.37350472923691
            ],
            [
              119.3480631509085,
              52.16415622974792
            ],
            [
              116.98911288710117,
              52.642325607932094
            ],
            [
              118.04507026697405,
              57.85167410830357
            ]
          ]
        ]
      }
    },
    {
      "type": "Feature",
      "properties": {
        "SlotID": 162240206,
        "SlotType": null,
        "FloorID": null,
        "Code": null,
        "ChargingPile": null,
        "Status": null,
        "StatusUpdateTime": null,
        "Lock": null,
        "Limiter": null,
        "LinkID": null
      },
      "geometry": {
        "type": "Polygon",
        "coordinates": [
          [
            [
              120.40402053024427,
              57.37350472923691
            ],
            [
              122.76297079377173,
              56.895335350422506
            ],
            [
              121.70701341515039,
              51.685986850499006
            ],
            [
              119.3480631509085,
              52.16415622974792
            ],
            [
              120.40402053024427,
              57.37350472923691
            ]
          ]
        ]
      }
    },
    {
      "type": "Feature",
      "properties": {
        "SlotID": 162202555,
        "SlotType": null,
        "FloorID": null,
        "Code": null,
        "ChargingPile": null,
        "Status": null,
        "StatusUpdateTime": null,
        "Lock": null,
        "Limiter": null,
        "LinkID": null
      },
      "geometry": {
        "type": "Polygon",
        "coordinates": [
          [
            [
              124.53218349194333,
              56.5367083162179
            ],
            [
              125.58814086930579,
              61.74605681533873
            ],
            [
              127.94709113375964,
              61.26788743737317
            ],
            [
              126.89113375550544,
              56.05853893676657
            ],
            [
              124.53218349194333,
              56.5367083162179
            ]
          ]
        ]
      }
    },
    {
      "type": "Feature",
      "properties": {
        "SlotID": 162225223,
        "SlotType": null,
        "FloorID": null,
        "Code": null,
        "ChargingPile": null,
        "Status": null,
        "StatusUpdateTime": null,
        "Lock": null,
        "Limiter": null,
        "LinkID": null
      },
      "geometry": {
        "type": "Polygon",
        "coordinates": [
          [
            [
              126.89113375550544,
              56.05853893676657
            ],
            [
              127.94709113375964,
              61.26788743737317
            ],
            [
              130.3060413975334,
              60.78971805850896
            ],
            [
              129.25008401954773,
              55.58036955793895
            ],
            [
              126.89113375550544,
              56.05853893676657
            ]
          ]
        ]
      }
    },
    {
      "type": "Feature",
      "properties": {
        "SlotID": 162299487,
        "SlotType": null,
        "FloorID": null,
        "Code": null,
        "ChargingPile": null,
        "Status": null,
        "StatusUpdateTime": null,
        "Lock": null,
        "Limiter": null,
        "LinkID": null
      },
      "geometry": {
        "type": "Polygon",
        "coordinates": [
          [
            [
              129.25008401954773,
              55.58036955793895
            ],
            [
              130.3060413975334,
              60.78971805850896
            ],
            [
              132.66499166165045,
              60.311548678440374
            ],
            [
              131.60903428402457,
              55.102200178451234
            ],
            [
              129.25008401954773,
              55.58036955793895
            ]
          ]
        ]
      }
    },
    {
      "type": "Feature",
      "properties": {
        "SlotID": 162290543,
        "SlotType": null,
        "FloorID": null,
        "Code": null,
        "ChargingPile": null,
        "Status": null,
        "StatusUpdateTime": null,
        "Lock": null,
        "Limiter": null,
        "LinkID": null
      },
      "geometry": {
        "type": "Polygon",
        "coordinates": [
          [
            [
              124.53218349194333,
              56.5367083162179
            ],
            [
              126.89113375550544,
              56.05853893676657
            ],
            [
              125.83517637706657,
              50.84919043631297
            ],
            [
              123.47622611403642,
              51.32735981464589
            ],
            [
              124.53218349194333,
              56.5367083162179
            ]
          ]
        ]
      }
    },
    {
      "type": "Feature",
      "properties": {
        "SlotID": 162239408,
        "SlotType": null,
        "FloorID": null,
        "Code": null,
        "ChargingPile": null,
        "Status": null,
        "StatusUpdateTime": null,
        "Lock": null,
        "Limiter": null,
        "LinkID": null
      },
      "geometry": {
        "type": "Polygon",
        "coordinates": [
          [
            [
              126.89113375550544,
              56.05853893676657
            ],
            [
              129.25008401954773,
              55.58036955793895
            ],
            [
              128.19412664160035,
              50.37102105748871
            ],
            [
              125.83517637706657,
              50.84919043631297
            ],
            [
              126.89113375550544,
              56.05853893676657
            ]
          ]
        ]
      }
    },
    {
      "type": "Feature",
      "properties": {
        "SlotID": 162253587,
        "SlotType": null,
        "FloorID": null,
        "Code": null,
        "ChargingPile": null,
        "Status": null,
        "StatusUpdateTime": null,
        "Lock": null,
        "Limiter": null,
        "LinkID": null
      },
      "geometry": {
        "type": "Polygon",
        "coordinates": [
          [
            [
              129.25008401954773,
              55.58036955793895
            ],
            [
              131.60903428402457,
              55.102200178451234
            ],
            [
              130.55307690527667,
              49.892851679082824
            ],
            [
              128.19412664160035,
              50.37102105748871
            ],
            [
              129.25008401954773,
              55.58036955793895
            ]
          ]
        ]
      }
    },
    {
      "type": "Feature",
      "properties": {
        "SlotID": 162215133,
        "SlotType": null,
        "FloorID": null,
        "Code": null,
        "ChargingPile": null,
        "Status": null,
        "StatusUpdateTime": null,
        "Lock": null,
        "Limiter": null,
        "LinkID": null
      },
      "geometry": {
        "type": "Polygon",
        "coordinates": [
          [
            [
              132.7885094149027,
              54.86311548861292
            ],
            [
              133.84446679297446,
              60.07246398934494
            ],
            [
              136.20341705687443,
              59.59429460987033
            ],
            [
              135.14745967844803,
              54.38494610934437
            ],
            [
              132.7885094149027,
              54.86311548861292
            ]
          ]
        ]
      }
    },
    {
      "type": "Feature",
      "properties": {
        "SlotID": 162293309,
        "SlotType": null,
        "FloorID": null,
        "Code": null,
        "ChargingPile": null,
        "Status": null,
        "StatusUpdateTime": null,
        "Lock": null,
        "Limiter": null,
        "LinkID": null
      },
      "geometry": {
        "type": "Polygon",
        "coordinates": [
          [
            [
              135.14745967844803,
              54.38494610934437
            ],
            [
              136.20341705687443,
              59.59429460987033
            ],
            [
              138.56236732013988,
              59.11612523199486
            ],
            [
              137.50640994202766,
              53.906776731979946
            ],
            [
              135.14745967844803,
              54.38494610934437
            ]
          ]
        ]
      }
    },
    {
      "type": "Feature",
      "properties": {
        "SlotID": 162200714,
        "SlotType": null,
        "FloorID": null,
        "Code": null,
        "ChargingPile": null,
        "Status": null,
        "StatusUpdateTime": null,
        "Lock": null,
        "Limiter": null,
        "LinkID": null
      },
      "geometry": {
        "type": "Polygon",
        "coordinates": [
          [
            [
              137.50640994202766,
              53.906776731979946
            ],
            [
              138.56236732013988,
              59.11612523199486
            ],
            [
              140.92131758379426,
              58.63795585217549
            ],
            [
              139.86536020626477,
              53.42860735311288
            ],
            [
              137.50640994202766,
              53.906776731979946
            ]
          ]
        ]
      }
    },
    {
      "type": "Feature",
      "properties": {
        "SlotID": 162229284,
        "SlotType": null,
        "FloorID": null,
        "Code": null,
        "ChargingPile": null,
        "Status": null,
        "StatusUpdateTime": null,
        "Lock": null,
        "Limiter": null,
        "LinkID": null
      },
      "geometry": {
        "type": "Polygon",
        "coordinates": [
          [
            [
              132.7885094149027,
              54.86311548861292
            ],
            [
              135.14745967844803,
              54.38494610934437
            ],
            [
              134.09150230099732,
              49.175597610493746
            ],
            [
              131.7325520368693,
              49.65376698921465
            ],
            [
              132.7885094149027,
              54.86311548861292
            ]
          ]
        ]
      }
    },
    {
      "type": "Feature",
      "properties": {
        "SlotID": 162252945,
        "SlotType": null,
        "FloorID": null,
        "Code": null,
        "ChargingPile": null,
        "Status": null,
        "StatusUpdateTime": null,
        "Lock": null,
        "Limiter": null,
        "LinkID": null
      },
      "geometry": {
        "type": "Polygon",
        "coordinates": [
          [
            [
              135.14745967844803,
              54.38494610934437
            ],
            [
              137.50640994202766,
              53.906776731979946
            ],
            [
              136.4504525648455,
              48.6974282311426
            ],
            [
              134.09150230099732,
              49.175597610493746
            ],
            [
              135.14745967844803,
              54.38494610934437
            ]
          ]
        ]
      }
    },
    {
      "type": "Feature",
      "properties": {
        "SlotID": 162210354,
        "SlotType": null,
        "FloorID": null,
        "Code": null,
        "ChargingPile": null,
        "Status": null,
        "StatusUpdateTime": null,
        "Lock": null,
        "Limiter": null,
        "LinkID": null
      },
      "geometry": {
        "type": "Polygon",
        "coordinates": [
          [
            [
              137.50640994202766,
              53.906776731979946
            ],
            [
              139.86536020626477,
              53.42860735311288
            ],
            [
              138.80940282756765,
              48.21925885176857
            ],
            [
              136.4504525648455,
              48.6974282311426
            ],
            [
              137.50640994202766,
              53.906776731979946
            ]
          ]
        ]
      }
    },
    {
      "type": "Feature",
      "properties": {
        "SlotID": 162222678,
        "SlotType": null,
        "FloorID": null,
        "Code": null,
        "ChargingPile": null,
        "Status": null,
        "StatusUpdateTime": null,
        "Lock": null,
        "Limiter": null,
        "LinkID": null
      },
      "geometry": {
        "type": "Polygon",
        "coordinates": [
          [
            [
              140.6493229406925,
              53.269694728170116
            ],
            [
              141.70528031893645,
              58.47904322841685
            ],
            [
              144.0642305823663,
              58.00087384921878
            ],
            [
              143.00827320470512,
              52.79152534951969
            ],
            [
              140.6493229406925,
              53.269694728170116
            ]
          ]
        ]
      }
    },
    {
      "type": "Feature",
      "properties": {
        "SlotID": 162244648,
        "SlotType": null,
        "FloorID": null,
        "Code": null,
        "ChargingPile": null,
        "Status": null,
        "StatusUpdateTime": null,
        "Lock": null,
        "Limiter": null,
        "LinkID": null
      },
      "geometry": {
        "type": "Polygon",
        "coordinates": [
          [
            [
              143.00827320470512,
              52.79152534951969
            ],
            [
              144.0642305823663,
              58.00087384921878
            ],
            [
              146.42318084636756,
              57.52270447078403
            ],
            [
              145.36722346759169,
              52.31335597165571
            ],
            [
              143.00827320470512,
              52.79152534951969
            ]
          ]
        ]
      }
    },
    {
      "type": "Feature",
      "properties": {
        "SlotID": 162250478,
        "SlotType": null,
        "FloorID": null,
        "Code": null,
        "ChargingPile": null,
        "Status": null,
        "StatusUpdateTime": null,
        "Lock": null,
        "Limiter": null,
        "LinkID": null
      },
      "geometry": {
        "type": "Polygon",
        "coordinates": [
          [
            [
              145.36722346759169,
              52.31335597165571
            ],
            [
              146.42318084636756,
              57.52270447078403
            ],
            [
              148.7821311093289,
              57.044535092083756
            ],
            [
              147.72617373113576,
              51.83518659188443
            ],
            [
              145.36722346759169,
              52.31335597165571
            ]
          ]
        ]
      }
    },
    {
      "type": "Feature",
      "properties": {
        "SlotID": 162211082,
        "SlotType": null,
        "FloorID": null,
        "Code": null,
        "ChargingPile": null,
        "Status": null,
        "StatusUpdateTime": null,
        "Lock": null,
        "Limiter": null,
        "LinkID": null
      },
      "geometry": {
        "type": "Polygon",
        "coordinates": [
          [
            [
              140.6493229406925,
              53.269694728170116
            ],
            [
              143.00827320470512,
              52.79152534951969
            ],
            [
              141.95231582596753,
              47.58217685051113
            ],
            [
              139.5933655623552,
              48.060346229834636
            ],
            [
              140.6493229406925,
              53.269694728170116
            ]
          ]
        ]
      }
    },
    {
      "type": "Feature",
      "properties": {
        "SlotID": 162245998,
        "SlotType": null,
        "FloorID": null,
        "Code": null,
        "ChargingPile": null,
        "Status": null,
        "StatusUpdateTime": null,
        "Lock": null,
        "Limiter": null,
        "LinkID": null
      },
      "geometry": {
        "type": "Polygon",
        "coordinates": [
          [
            [
              143.00827320470512,
              52.79152534951969
            ],
            [
              145.36722346759169,
              52.31335597165571
            ],
            [
              144.31126608916827,
              47.104007471134906
            ],
            [
              141.95231582596753,
              47.58217685051113
            ],
            [
              143.00827320470512,
              52.79152534951969
            ]
          ]
        ]
      }
    },
    {
      "type": "Feature",
      "properties": {
        "SlotID": 162282613,
        "SlotType": null,
        "FloorID": null,
        "Code": null,
        "ChargingPile": null,
        "Status": null,
        "StatusUpdateTime": null,
        "Lock": null,
        "Limiter": null,
        "LinkID": null
      },
      "geometry": {
        "type": "Polygon",
        "coordinates": [
          [
            [
              145.36722346759169,
              52.31335597165571
            ],
            [
              147.72617373113576,
              51.83518659188443
            ],
            [
              146.67021635320384,
              46.62583809258097
            ],
            [
              144.31126608916827,
              47.104007471134906
            ],
            [
              145.36722346759169,
              52.31335597165571
            ]
          ]
        ]
      }
    },
    {
      "type": "Feature",
      "properties": {
        "SlotID": 162261213,
        "SlotType": null,
        "FloorID": null,
        "Code": null,
        "ChargingPile": null,
        "Status": null,
        "StatusUpdateTime": null,
        "Lock": null,
        "Limiter": null,
        "LinkID": null
      },
      "geometry": {
        "type": "Polygon",
        "coordinates": [
          [
            [
              149.07316335341898,
              51.6644742137852
            ],
            [
              150.12912073155255,
              56.873822712225106
            ],
            [
              152.48807099483986,
              56.39565333349349
            ],
            [
              151.43211361581447,
              51.18630483316316
            ],
            [
              149.07316335341898,
              51.6644742137852
            ]
          ]
        ]
      }
    },
    {
      "type": "Feature",
      "properties": {
        "SlotID": 162299572,
        "SlotType": null,
        "FloorID": null,
        "Code": null,
        "ChargingPile": null,
        "Status": null,
        "StatusUpdateTime": null,
        "Lock": null,
        "Limiter": null,
        "LinkID": null
      },
      "geometry": {
        "type": "Polygon",
        "coordinates": [
          [
            [
              151.43211361581447,
              51.18630483316316
            ],
            [
              152.48807099483986,
              56.39565333349349
            ],
            [
              154.84702125771554,
              55.91748395430447
            ],
            [
              153.79106387918168,
              50.708135454786834
            ],
            [
              151.43211361581447,
              51.18630483316316
            ]
          ]
        ]
      }
    },
    {
      "type": "Feature",
      "properties": {
        "SlotID": 162253422,
        "SlotType": null,
        "FloorID": null,
        "Code": null,
        "ChargingPile": null,
        "Status": null,
        "StatusUpdateTime": null,
        "Lock": null,
        "Limiter": null,
        "LinkID": null
      },
      "geometry": {
        "type": "Polygon",
        "coordinates": [
          [
            [
              153.79106387918168,
              50.708135454786834
            ],
            [
              154.84702125771554,
              55.91748395430447
            ],
            [
              157.20597152138043,
              55.43931457465398
            ],
            [
              156.15001414236025,
              50.229966076324544
            ],
            [
              153.79106387918168,
              50.708135454786834
            ]
          ]
        ]
      }
    },
    {
      "type": "Feature",
      "properties": {
        "SlotID": 162279198,
        "SlotType": null,
        "FloorID": null,
        "Code": null,
        "ChargingPile": null,
        "Status": null,
        "StatusUpdateTime": null,
        "Lock": null,
        "Limiter": null,
        "LinkID": null
      },
      "geometry": {
        "type": "Polygon",
        "coordinates": [
          [
            [
              149.03331590475767,
              51.467895025202026
            ],
            [
              151.3922661676447,
              50.98972564498802
            ],
            [
              150.33630878992696,
              45.78037714555797
            ],
            [
              147.97735852672577,
              46.258546524856264
            ],
            [
              149.03331590475767,
              51.467895025202026
            ]
          ]
        ]
      }
    },
    {
      "type": "Feature",
      "properties": {
        "SlotID": 162272738,
        "SlotType": null,
        "FloorID": null,
        "Code": null,
        "ChargingPile": null,
        "Status": null,
        "StatusUpdateTime": null,
        "Lock": null,
        "Limiter": null,
        "LinkID": null
      },
      "geometry": {
        "type": "Polygon",
        "coordinates": [
          [
            [
              151.3922661676447,
              50.98972564498802
            ],
            [
              153.75121643194927,
              50.51155626573929
            ],
            [
              152.69525905249364,
              45.30220776664483
            ],
            [
              150.33630878992696,
              45.78037714555797
            ],
            [
              151.3922661676447,
              50.98972564498802
            ]
          ]
        ]
      }
    },
    {
      "type": "Feature",
      "properties": {
        "SlotID": 162208803,
        "SlotType": null,
        "FloorID": null,
        "Code": null,
        "ChargingPile": null,
        "Status": null,
        "StatusUpdateTime": null,
        "Lock": null,
        "Limiter": null,
        "LinkID": null
      },
      "geometry": {
        "type": "Polygon",
        "coordinates": [
          [
            [
              153.75121643194927,
              50.51155626573929
            ],
            [
              156.11016669459073,
              50.03338688679917
            ],
            [
              155.05420931678688,
              44.824038386397795
            ],
            [
              152.69525905249364,
              45.30220776664483
            ],
            [
              153.75121643194927,
              50.51155626573929
            ]
          ]
        ]
      }
    },
    {
      "type": "Feature",
      "properties": {
        "SlotID": 162292946,
        "SlotType": null,
        "FloorID": null,
        "Code": null,
        "ChargingPile": null,
        "Status": null,
        "StatusUpdateTime": null,
        "Lock": null,
        "Limiter": null,
        "LinkID": null
      },
      "geometry": {
        "type": "Polygon",
        "coordinates": [
          [
            [
              68.08971816585745,
              50.17272903265918
            ],
            [
              70.44866843045259,
              49.69455965364394
            ],
            [
              69.39271105181801,
              44.48521115279497
            ],
            [
              67.0337607878917,
              44.963380532519864
            ],
            [
              68.08971816585745,
              50.17272903265918
            ]
          ]
        ]
      }
    },
    {
      "type": "Feature",
      "properties": {
        "SlotID": 162234174,
        "SlotType": null,
        "FloorID": null,
        "Code": null,
        "ChargingPile": null,
        "Status": null,
        "StatusUpdateTime": null,
        "Lock": null,
        "Limiter": null,
        "LinkID": null
      },
      "geometry": {
        "type": "Polygon",
        "coordinates": [
          [
            [
              70.44866843045259,
              49.69455965364394
            ],
            [
              72.80761869454491,
              49.21639027524567
            ],
            [
              71.7516613173392,
              44.007041773932336
            ],
            [
              69.39271105181801,
              44.48521115279497
            ],
            [
              70.44866843045259,
              49.69455965364394
            ]
          ]
        ]
      }
    },
    {
      "type": "Feature",
      "properties": {
        "SlotID": 162258738,
        "SlotType": null,
        "FloorID": null,
        "Code": null,
        "ChargingPile": null,
        "Status": null,
        "StatusUpdateTime": null,
        "Lock": null,
        "Limiter": null,
        "LinkID": null
      },
      "geometry": {
        "type": "Polygon",
        "coordinates": [
          [
            [
              72.80761869454491,
              49.21639027524567
            ],
            [
              75.16656895862592,
              48.73822089503978
            ],
            [
              74.11061158039675,
              43.528872394841486
            ],
            [
              71.7516613173392,
              44.007041773932336
            ],
            [
              72.80761869454491,
              49.21639027524567
            ]
          ]
        ]
      }
    },
    {
      "type": "Feature",
      "properties": {
        "SlotID": 162239364,
        "SlotType": null,
        "FloorID": null,
        "Code": null,
        "ChargingPile": null,
        "Status": null,
        "StatusUpdateTime": null,
        "Lock": null,
        "Limiter": null,
        "LinkID": null
      },
      "geometry": {
        "type": "Polygon",
        "coordinates": [
          [
            [
              76.95570538241692,
              48.47788345584145
            ],
            [
              78.01166275906427,
              53.68723195544197
            ],
            [
              80.37061302393998,
              53.209062577876395
            ],
            [
              79.3146556464465,
              47.999714077669246
            ],
            [
              76.95570538241692,
              48.47788345584145
            ]
          ]
        ]
      }
    },
    {
      "type": "Feature",
      "properties": {
        "SlotID": 162269233,
        "SlotType": null,
        "FloorID": null,
        "Code": null,
        "ChargingPile": null,
        "Status": null,
        "StatusUpdateTime": null,
        "Lock": null,
        "Limiter": null,
        "LinkID": null
      },
      "geometry": {
        "type": "Polygon",
        "coordinates": [
          [
            [
              79.3146556464465,
              47.999714077669246
            ],
            [
              80.37061302393998,
              53.209062577876395
            ],
            [
              82.7295632891134,
              52.73089319863198
            ],
            [
              81.67360591077379,
              47.52154469822285
            ],
            [
              79.3146556464465,
              47.999714077669246
            ]
          ]
        ]
      }
    },
    {
      "type": "Feature",
      "properties": {
        "SlotID": 162223450,
        "SlotType": null,
        "FloorID": null,
        "Code": null,
        "ChargingPile": null,
        "Status": null,
        "StatusUpdateTime": null,
        "Lock": null,
        "Limiter": null,
        "LinkID": null
      },
      "geometry": {
        "type": "Polygon",
        "coordinates": [
          [
            [
              81.67360591077379,
              47.52154469822285
            ],
            [
              82.7295632891134,
              52.73089319863198
            ],
            [
              85.08851355249199,
              52.25272381905968
            ],
            [
              84.03255617558126,
              47.0433753189955
            ],
            [
              81.67360591077379,
              47.52154469822285
            ]
          ]
        ]
      }
    },
    {
      "type": "Feature",
      "properties": {
        "SlotID": 162211097,
        "SlotType": null,
        "FloorID": null,
        "Code": null,
        "ChargingPile": null,
        "Status": null,
        "StatusUpdateTime": null,
        "Lock": null,
        "Limiter": null,
        "LinkID": null
      },
      "geometry": {
        "type": "Polygon",
        "coordinates": [
          [
            [
              76.93578165751289,
              48.37959386090335
            ],
            [
              79.29473192149685,
              47.90142448225666
            ],
            [
              78.23877454291303,
              42.692075981050436
            ],
            [
              75.8798242795979,
              43.17024536202542
            ],
            [
              76.93578165751289,
              48.37959386090335
            ]
          ]
        ]
      }
    },
    {
      "type": "Feature",
      "properties": {
        "SlotID": 162227350,
        "SlotType": null,
        "FloorID": null,
        "Code": null,
        "ChargingPile": null,
        "Status": null,
        "StatusUpdateTime": null,
        "Lock": null,
        "Limiter": null,
        "LinkID": null
      },
      "geometry": {
        "type": "Polygon",
        "coordinates": [
          [
            [
              79.29473192149685,
              47.90142448225666
            ],
            [
              81.65368218613831,
              47.42325510372599
            ],
            [
              80.59772480818285,
              42.21390660394654
            ],
            [
              78.23877454291303,
              42.692075981050436
            ],
            [
              79.29473192149685,
              47.90142448225666
            ]
          ]
        ]
      }
    },
    {
      "type": "Feature",
      "properties": {
        "SlotID": 162254734,
        "SlotType": null,
        "FloorID": null,
        "Code": null,
        "ChargingPile": null,
        "Status": null,
        "StatusUpdateTime": null,
        "Lock": null,
        "Limiter": null,
        "LinkID": null
      },
      "geometry": {
        "type": "Polygon",
        "coordinates": [
          [
            [
              81.65368218613831,
              47.42325510372599
            ],
            [
              84.01263245005401,
              46.945085724631525
            ],
            [
              82.9566750721898,
              41.735737224182365
            ],
            [
              80.59772480818285,
              42.21390660394654
            ],
            [
              81.65368218613831,
              47.42325510372599
            ]
          ]
        ]
      }
    },
    {
      "type": "Feature",
      "properties": {
        "SlotID": 162294887,
        "SlotType": null,
        "FloorID": null,
        "Code": null,
        "ChargingPile": null,
        "Status": null,
        "StatusUpdateTime": null,
        "Lock": null,
        "Limiter": null,
        "LinkID": null
      },
      "geometry": {
        "type": "Polygon",
        "coordinates": [
          [
            [
              85.8017688727191,
              46.68474828560135
            ],
            [
              86.85772625065329,
              51.89409678576446
            ],
            [
              89.2166765159869,
              51.415927406308214
            ],
            [
              88.16071913742951,
              46.20657890631457
            ],
            [
              85.8017688727191,
              46.68474828560135
            ]
          ]
        ]
      }
    },
    {
      "type": "Feature",
      "properties": {
        "SlotID": 162217302,
        "SlotType": null,
        "FloorID": null,
        "Code": null,
        "ChargingPile": null,
        "Status": null,
        "StatusUpdateTime": null,
        "Lock": null,
        "Limiter": null,
        "LinkID": null
      },
      "geometry": {
        "type": "Polygon",
        "coordinates": [
          [
            [
              88.16071913742951,
              46.20657890631457
            ],
            [
              89.2166765159869,
              51.415927406308214
            ],
            [
              91.57562677992595,
              50.937758028006485
            ],
            [
              90.51966940275182,
              45.72840952666934
            ],
            [
              88.16071913742951,
              46.20657890631457
            ]
          ]
        ]
      }
    },
    {
      "type": "Feature",
      "properties": {
        "SlotID": 162215886,
        "SlotType": null,
        "FloorID": null,
        "Code": null,
        "ChargingPile": null,
        "Status": null,
        "StatusUpdateTime": null,
        "Lock": null,
        "Limiter": null,
        "LinkID": null
      },
      "geometry": {
        "type": "Polygon",
        "coordinates": [
          [
            [
              90.51966940275182,
              45.72840952666934
            ],
            [
              91.57562677992595,
              50.937758028006485
            ],
            [
              93.93457704367637,
              50.45958864880947
            ],
            [
              92.8786196657017,
              45.25024014814949
            ],
            [
              90.51966940275182,
              45.72840952666934
            ]
          ]
        ]
      }
    },
    {
      "type": "Feature",
      "properties": {
        "SlotID": 162282182,
        "SlotType": null,
        "FloorID": null,
        "Code": null,
        "ChargingPile": null,
        "Status": null,
        "StatusUpdateTime": null,
        "Lock": null,
        "Limiter": null,
        "LinkID": null
      },
      "geometry": {
        "type": "Polygon",
        "coordinates": [
          [
            [
              85.78184514830656,
              46.5864586906666
            ],
            [
              88.14079541212521,
              46.108289312322036
            ],
            [
              87.08483803613575,
              40.898940810532736
            ],
            [
              84.72588777066528,
              41.377110190184226
            ],
            [
              85.78184514830656,
              46.5864586906666
            ]
          ]
        ]
      }
    },
    {
      "type": "Feature",
      "properties": {
        "SlotID": 162236129,
        "SlotType": null,
        "FloorID": null,
        "Code": null,
        "ChargingPile": null,
        "Status": null,
        "StatusUpdateTime": null,
        "Lock": null,
        "Limiter": null,
        "LinkID": null
      },
      "geometry": {
        "type": "Polygon",
        "coordinates": [
          [
            [
              88.14079541212521,
              46.108289312322036
            ],
            [
              90.49974567744752,
              45.63011993308146
            ],
            [
              89.44378829820519,
              40.42077143233476
            ],
            [
              87.08483803613575,
              40.898940810532736
            ],
            [
              88.14079541212521,
              46.108289312322036
            ]
          ]
        ]
      }
    },
    {
      "type": "Feature",
      "properties": {
        "SlotID": 162280635,
        "SlotType": null,
        "FloorID": null,
        "Code": null,
        "ChargingPile": null,
        "Status": null,
        "StatusUpdateTime": null,
        "Lock": null,
        "Limiter": null,
        "LinkID": null
      },
      "geometry": {
        "type": "Polygon",
        "coordinates": [
          [
            [
              90.49974567744752,
              45.63011993308146
            ],
            [
              92.85869594057472,
              45.1519505532446
            ],
            [
              91.80273856347571,
              39.94260205443163
            ],
            [
              89.44378829820519,
              40.42077143233476
            ],
            [
              90.49974567744752,
              45.63011993308146
            ]
          ]
        ]
      }
    },
    {
      "type": "Feature",
      "properties": {
        "SlotID": 162225934,
        "SlotType": null,
        "FloorID": null,
        "Code": null,
        "ChargingPile": null,
        "Status": null,
        "StatusUpdateTime": null,
        "Lock": null,
        "Limiter": null,
        "LinkID": null
      },
      "geometry": {
        "type": "Polygon",
        "coordinates": [
          [
            [
              94.64783236362885,
              44.89161311448487
            ],
            [
              95.70378974124372,
              50.10096161415933
            ],
            [
              98.06274000529734,
              49.62279223557596
            ],
            [
              97.00678262817397,
              44.41344373469089
            ],
            [
              94.64783236362885,
              44.89161311448487
            ]
          ]
        ]
      }
    },
    {
      "type": "Feature",
      "properties": {
        "SlotID": 162262338,
        "SlotType": null,
        "FloorID": null,
        "Code": null,
        "ChargingPile": null,
        "Status": null,
        "StatusUpdateTime": null,
        "Lock": null,
        "Limiter": null,
        "LinkID": null
      },
      "geometry": {
        "type": "Polygon",
        "coordinates": [
          [
            [
              97.00678262817397,
              44.41344373469089
            ],
            [
              98.06274000529734,
              49.62279223557596
            ],
            [
              100.42169026947133,
              49.14462285663077
            ],
            [
              99.36573289270777,
              43.93527435673121
            ],
            [
              97.00678262817397,
              44.41344373469089
            ]
          ]
        ]
      }
    },
    {
      "type": "Feature",
      "properties": {
        "SlotID": 162267409,
        "SlotType": null,
        "FloorID": null,
        "Code": null,
        "ChargingPile": null,
        "Status": null,
        "StatusUpdateTime": null,
        "Lock": null,
        "Limiter": null,
        "LinkID": null
      },
      "geometry": {
        "type": "Polygon",
        "coordinates": [
          [
            [
              99.36573289270777,
              43.93527435673121
            ],
            [
              100.42169026947133,
              49.14462285663077
            ],
            [
              102.78064053448531,
              48.66645347808081
            ],
            [
              101.72468315540111,
              43.45710497635056
            ],
            [
              99.36573289270777,
              43.93527435673121
            ]
          ]
        ]
      }
    },
    {
      "type": "Feature",
      "properties": {
        "SlotID": 162292541,
        "SlotType": null,
        "FloorID": null,
        "Code": null,
        "ChargingPile": null,
        "Status": null,
        "StatusUpdateTime": null,
        "Lock": null,
        "Limiter": null,
        "LinkID": null
      },
      "geometry": {
        "type": "Polygon",
        "coordinates": [
          [
            [
              94.6279086387248,
              44.79332351873744
            ],
            [
              96.9868589030926,
              44.31515414106978
            ],
            [
              95.93090152452424,
              39.10580564060567
            ],
            [
              93.5719512610026,
              39.583975020093945
            ],
            [
              94.6279086387248,
              44.79332351873744
            ]
          ]
        ]
      }
    },
    {
      "type": "Feature",
      "properties": {
        "SlotID": 162223068,
        "SlotType": null,
        "FloorID": null,
        "Code": null,
        "ChargingPile": null,
        "Status": null,
        "StatusUpdateTime": null,
        "Lock": null,
        "Limiter": null,
        "LinkID": null
      },
      "geometry": {
        "type": "Polygon",
        "coordinates": [
          [
            [
              96.9868589030926,
              44.31515414106978
            ],
            [
              99.3458091681179,
              43.836984761899494
            ],
            [
              98.28985178892636,
              38.62763626160486
            ],
            [
              95.93090152452424,
              39.10580564060567
            ],
            [
              96.9868589030926,
              44.31515414106978
            ]
          ]
        ]
      }
    },
    {
      "type": "Feature",
      "properties": {
        "SlotID": 162225698,
        "SlotType": null,
        "FloorID": null,
        "Code": null,
        "ChargingPile": null,
        "Status": null,
        "StatusUpdateTime": null,
        "Lock": null,
        "Limiter": null,
        "LinkID": null
      },
      "geometry": {
        "type": "Polygon",
        "coordinates": [
          [
            [
              99.3458091681179,
              43.836984761899494
            ],
            [
              101.70475943224012,
              43.35881538348243
            ],
            [
              100.64880205358568,
              38.14946688245165
            ],
            [
              98.28985178892636,
              38.62763626160486
            ],
            [
              99.3458091681179,
              43.836984761899494
            ]
          ]
        ]
      }
    },
    {
      "type": "Feature",
      "properties": {
        "SlotID": 162207449,
        "SlotType": null,
        "FloorID": null,
        "Code": null,
        "ChargingPile": null,
        "Status": null,
        "StatusUpdateTime": null,
        "Lock": null,
        "Limiter": null,
        "LinkID": null
      },
      "geometry": {
        "type": "Polygon",
        "coordinates": [
          [
            [
              103.5138195793814,
              43.196767537125126
            ],
            [
              104.56977695563954,
              48.406116037355
            ],
            [
              106.928727221357,
              47.927946658068464
            ],
            [
              105.87276984193208,
              42.718598158233874
            ],
            [
              103.5138195793814,
              43.196767537125126
            ]
          ]
        ]
      }
    },
    {
      "type": "Feature",
      "properties": {
        "SlotID": 162256858,
        "SlotType": null,
        "FloorID": null,
        "Code": null,
        "ChargingPile": null,
        "Status": null,
        "StatusUpdateTime": null,
        "Lock": null,
        "Limiter": null,
        "LinkID": null
      },
      "geometry": {
        "type": "Polygon",
        "coordinates": [
          [
            [
              105.87276984193208,
              42.718598158233874
            ],
            [
              106.928727221357,
              47.927946658068464
            ],
            [
              109.28767748385073,
              47.44977727932307
            ],
            [
              108.23172010612326,
              42.24042877906069
            ],
            [
              105.87276984193208,
              42.718598158233874
            ]
          ]
        ]
      }
    },
    {
      "type": "Feature",
      "properties": {
        "SlotID": 162255387,
        "SlotType": null,
        "FloorID": null,
        "Code": null,
        "ChargingPile": null,
        "Status": null,
        "StatusUpdateTime": null,
        "Lock": null,
        "Limiter": null,
        "LinkID": null
      },
      "geometry": {
        "type": "Polygon",
        "coordinates": [
          [
            [
              108.23172010612326,
              42.24042877906069
            ],
            [
              109.28767748385073,
              47.44977727932307
            ],
            [
              111.6466277481623,
              46.97160790100206
            ],
            [
              110.59067036958868,
              41.76225939972839
            ],
            [
              108.23172010612326,
              42.24042877906069
            ]
          ]
        ]
      }
    },
    {
      "type": "Feature",
      "properties": {
        "SlotID": 162269944,
        "SlotType": null,
        "FloorID": null,
        "Code": null,
        "ChargingPile": null,
        "Status": null,
        "StatusUpdateTime": null,
        "Lock": null,
        "Limiter": null,
        "LinkID": null
      },
      "geometry": {
        "type": "Polygon",
        "coordinates": [
          [
            [
              103.47397212935039,
              43.00018834809145
            ],
            [
              105.83292239449025,
              42.52201897025817
            ],
            [
              104.77696501503529,
              37.312670469095224
            ],
            [
              102.4180147519019,
              37.79083984784349
            ],
            [
              103.47397212935039,
              43.00018834809145
            ]
          ]
        ]
      }
    },
    {
      "type": "Feature",
      "properties": {
        "SlotID": 162241743,
        "SlotType": null,
        "FloorID": null,
        "Code": null,
        "ChargingPile": null,
        "Status": null,
        "StatusUpdateTime": null,
        "Lock": null,
        "Limiter": null,
        "LinkID": null
      },
      "geometry": {
        "type": "Polygon",
        "coordinates": [
          [
            [
              105.83292239449025,
              42.52201897025817
            ],
            [
              108.19187265769844,
              42.04384959026894
            ],
            [
              107.1359152799409,
              36.834501090296854
            ],
            [
              104.77696501503529,
              37.312670469095224
            ],
            [
              105.83292239449025,
              42.52201897025817
            ]
          ]
        ]
      }
    },
    {
      "type": "Feature",
      "properties": {
        "SlotID": 162212136,
        "SlotType": null,
        "FloorID": null,
        "Code": null,
        "ChargingPile": null,
        "Status": null,
        "StatusUpdateTime": null,
        "Lock": null,
        "Limiter": null,
        "LinkID": null
      },
      "geometry": {
        "type": "Polygon",
        "coordinates": [
          [
            [
              108.19187265769844,
              42.04384959026894
            ],
            [
              110.55082292165534,
              41.56568021174933
            ],
            [
              109.49486554421202,
              36.356331712692956
            ],
            [
              107.1359152799409,
              36.834501090296854
            ],
            [
              108.19187265769844,
              42.04384959026894
            ]
          ]
        ]
      }
    },
    {
      "type": "Feature",
      "properties": {
        "SlotID": 162241076,
        "SlotType": null,
        "FloorID": null,
        "Code": null,
        "ChargingPile": null,
        "Status": null,
        "StatusUpdateTime": null,
        "Lock": null,
        "Limiter": null,
        "LinkID": null
      },
      "geometry": {
        "type": "Polygon",
        "coordinates": [
          [
            [
              112.35988306807097,
              41.40363236582858
            ],
            [
              113.4158404467763,
              46.61298086612009
            ],
            [
              115.77479071094518,
              46.13481148847916
            ],
            [
              114.71883333143934,
              40.92546298765083
            ],
            [
              112.35988306807097,
              41.40363236582858
            ]
          ]
        ]
      }
    },
    {
      "type": "Feature",
      "properties": {
        "SlotID": 162227367,
        "SlotType": null,
        "FloorID": null,
        "Code": null,
        "ChargingPile": null,
        "Status": null,
        "StatusUpdateTime": null,
        "Lock": null,
        "Limiter": null,
        "LinkID": null
      },
      "geometry": {
        "type": "Polygon",
        "coordinates": [
          [
            [
              114.71883333143934,
              40.92546298765083
            ],
            [
              115.77479071094518,
              46.13481148847916
            ],
            [
              118.13374097416539,
              45.65664210828435
            ],
            [
              117.07778359546522,
              40.447293608779766
            ],
            [
              114.71883333143934,
              40.92546298765083
            ]
          ]
        ]
      }
    },
    {
      "type": "Feature",
      "properties": {
        "SlotID": 162296863,
        "SlotType": null,
        "FloorID": null,
        "Code": null,
        "ChargingPile": null,
        "Status": null,
        "StatusUpdateTime": null,
        "Lock": null,
        "Limiter": null,
        "LinkID": null
      },
      "geometry": {
        "type": "Polygon",
        "coordinates": [
          [
            [
              117.07778359546522,
              40.447293608779766
            ],
            [
              118.13374097416539,
              45.65664210828435
            ],
            [
              120.49269123929466,
              45.17847273027218
            ],
            [
              119.43673386108598,
              39.9691242303663
            ],
            [
              117.07778359546522,
              40.447293608779766
            ]
          ]
        ]
      }
    },
    {
      "type": "Feature",
      "properties": {
        "SlotID": 162266575,
        "SlotType": null,
        "FloorID": null,
        "Code": null,
        "ChargingPile": null,
        "Status": null,
        "StatusUpdateTime": null,
        "Lock": null,
        "Limiter": null,
        "LinkID": null
      },
      "geometry": {
        "type": "Polygon",
        "coordinates": [
          [
            [
              112.32003562058352,
              41.20705317737841
            ],
            [
              114.67898588390628,
              40.728883799130855
            ],
            [
              113.62302850575367,
              35.51953529805863
            ],
            [
              111.26407824323144,
              35.99770467765234
            ],
            [
              112.32003562058352,
              41.20705317737841
            ]
          ]
        ]
      }
    },
    {
      "type": "Feature",
      "properties": {
        "SlotID": 162206364,
        "SlotType": null,
        "FloorID": null,
        "Code": null,
        "ChargingPile": null,
        "Status": null,
        "StatusUpdateTime": null,
        "Lock": null,
        "Limiter": null,
        "LinkID": null
      },
      "geometry": {
        "type": "Polygon",
        "coordinates": [
          [
            [
              114.67898588390628,
              40.728883799130855
            ],
            [
              117.03793614820071,
              40.250714420296376
            ],
            [
              115.98197876915633,
              35.0413659197617
            ],
            [
              113.62302850575367,
              35.51953529805863
            ],
            [
              114.67898588390628,
              40.728883799130855
            ]
          ]
        ]
      }
    },
    {
      "type": "Feature",
      "properties": {
        "SlotID": 162275759,
        "SlotType": null,
        "FloorID": null,
        "Code": null,
        "ChargingPile": null,
        "Status": null,
        "StatusUpdateTime": null,
        "Lock": null,
        "Limiter": null,
        "LinkID": 132211582
      },
      "geometry": {
        "type": "Polygon",
        "coordinates": [
          [
            [
              117.03793614820071,
              40.250714420296376
            ],
            [
              119.39688641154646,
              39.77254504093133
            ],
            [
              118.34092903303919,
              34.563196540874486
            ],
            [
              115.98197876915633,
              35.0413659197617
            ],
            [
              117.03793614820071,
              40.250714420296376
            ]
          ]
        ]
      }
    },
    {
      "type": "Feature",
      "properties": {
        "SlotID": 162229412,
        "SlotType": null,
        "FloorID": null,
        "Code": null,
        "ChargingPile": null,
        "Status": null,
        "StatusUpdateTime": null,
        "Lock": null,
        "Limiter": null,
        "LinkID": null
      },
      "geometry": {
        "type": "Polygon",
        "coordinates": [
          [
            [
              120.88843191021144,
              39.674858781681856
            ],
            [
              121.94438928975775,
              44.884207282197735
            ],
            [
              124.30333955342502,
              44.40603790295699
            ],
            [
              123.24738217423851,
              39.19668940261732
            ],
            [
              120.88843191021144,
              39.674858781681856
            ]
          ]
        ]
      }
    },
    {
      "type": "Feature",
      "properties": {
        "SlotID": 162259450,
        "SlotType": null,
        "FloorID": null,
        "Code": null,
        "ChargingPile": null,
        "Status": null,
        "StatusUpdateTime": null,
        "Lock": null,
        "Limiter": null,
        "LinkID": null
      },
      "geometry": {
        "type": "Polygon",
        "coordinates": [
          [
            [
              123.24738217423851,
              39.19668940261732
            ],
            [
              124.30333955342502,
              44.40603790295699
            ],
            [
              126.6622898175725,
              43.927868523530634
            ],
            [
              125.60633243919166,
              38.71852002370537
            ],
            [
              123.24738217423851,
              39.19668940261732
            ]
          ]
        ]
      }
    },
    {
      "type": "Feature",
      "properties": {
        "SlotID": 162218402,
        "SlotType": null,
        "FloorID": null,
        "Code": null,
        "ChargingPile": null,
        "Status": null,
        "StatusUpdateTime": null,
        "Lock": null,
        "Limiter": null,
        "LinkID": null
      },
      "geometry": {
        "type": "Polygon",
        "coordinates": [
          [
            [
              125.60633243919166,
              38.71852002370537
            ],
            [
              126.6622898175725,
              43.927868523530634
            ],
            [
              129.02124008108544,
              43.44969914570339
            ],
            [
              127.96528270292754,
              38.24035064544026
            ],
            [
              125.60633243919166,
              38.71852002370537
            ]
          ]
        ]
      }
    },
    {
      "type": "Feature",
      "properties": {
        "SlotID": 162231813,
        "SlotType": null,
        "FloorID": null,
        "Code": null,
        "ChargingPile": null,
        "Status": null,
        "StatusUpdateTime": null,
        "Lock": null,
        "Limiter": null,
        "LinkID": 132229042
      },
      "geometry": {
        "type": "Polygon",
        "coordinates": [
          [
            [
              120.84858446299255,
              39.47827959286361
            ],
            [
              123.20753472603663,
              39.000110214197
            ],
            [
              122.15157734842627,
              33.79076171479419
            ],
            [
              119.79262708470823,
              34.26893109317821
            ],
            [
              120.84858446299255,
              39.47827959286361
            ]
          ]
        ]
      }
    },
    {
      "type": "Feature",
      "properties": {
        "SlotID": 162291859,
        "SlotType": null,
        "FloorID": null,
        "Code": null,
        "ChargingPile": null,
        "Status": null,
        "StatusUpdateTime": null,
        "Lock": null,
        "Limiter": null,
        "LinkID": 132211582
      },
      "geometry": {
        "type": "Polygon",
        "coordinates": [
          [
            [
              123.20753472603663,
              39.000110214197
            ],
            [
              125.56648499116709,
              38.52194083477737
            ],
            [
              124.51052761248765,
              33.312592335610475
            ],
            [
              122.15157734842627,
              33.79076171479419
            ],
            [
              123.20753472603663,
              39.000110214197
            ]
          ]
        ]
      }
    },
    {
      "type": "Feature",
      "properties": {
        "SlotID": 162285807,
        "SlotType": null,
        "FloorID": null,
        "Code": null,
        "ChargingPile": null,
        "Status": null,
        "StatusUpdateTime": null,
        "Lock": null,
        "Limiter": null,
        "LinkID": 132229042
      },
      "geometry": {
        "type": "Polygon",
        "coordinates": [
          [
            [
              125.56648499116709,
              38.52194083477737
            ],
            [
              127.92543525387951,
              38.04377145641332
            ],
            [
              126.8694778757372,
              32.83442295610561
            ],
            [
              124.51052761248765,
              33.312592335610475
            ],
            [
              125.56648499116709,
              38.52194083477737
            ]
          ]
        ]
      }
    },
    {
      "type": "Feature",
      "properties": {
        "SlotID": 162267069,
        "SlotType": null,
        "FloorID": null,
        "Code": null,
        "ChargingPile": null,
        "Status": null,
        "StatusUpdateTime": null,
        "Lock": null,
        "Limiter": null,
        "LinkID": null
      },
      "geometry": {
        "type": "Polygon",
        "coordinates": [
          [
            [
              129.14475783386087,
              38.00126595549371
            ],
            [
              130.20071521241903,
              43.21061445562059
            ],
            [
              132.55966547580095,
              42.73244507612138
            ],
            [
              131.50370809898584,
              37.52309657725516
            ],
            [
              129.14475783386087,
              38.00126595549371
            ]
          ]
        ]
      }
    },
    {
      "type": "Feature",
      "properties": {
        "SlotID": 162241593,
        "SlotType": null,
        "FloorID": null,
        "Code": null,
        "ChargingPile": null,
        "Status": null,
        "StatusUpdateTime": null,
        "Lock": null,
        "Limiter": null,
        "LinkID": null
      },
      "geometry": {
        "type": "Polygon",
        "coordinates": [
          [
            [
              131.50370809898584,
              37.52309657725516
            ],
            [
              132.55966547580095,
              42.73244507612138
            ],
            [
              134.9186157397543,
              42.25427569698082
            ],
            [
              133.86265836209304,
              37.04492719831729
            ],
            [
              131.50370809898584,
              37.52309657725516
            ]
          ]
        ]
      }
    },
    {
      "type": "Feature",
      "properties": {
        "SlotID": 162212082,
        "SlotType": null,
        "FloorID": null,
        "Code": null,
        "ChargingPile": null,
        "Status": null,
        "StatusUpdateTime": null,
        "Lock": null,
        "Limiter": null,
        "LinkID": null
      },
      "geometry": {
        "type": "Polygon",
        "coordinates": [
          [
            [
              133.86265836209304,
              37.04492719831729
            ],
            [
              134.9186157397543,
              42.25427569698082
            ],
            [
              137.27756600512006,
              41.77610631801862
            ],
            [
              136.22160862576652,
              36.56675781854649
            ],
            [
              133.86265836209304,
              37.04492719831729
            ]
          ]
        ]
      }
    },
    {
      "type": "Feature",
      "properties": {
        "SlotID": 162257420,
        "SlotType": null,
        "FloorID": null,
        "Code": null,
        "ChargingPile": null,
        "Status": null,
        "StatusUpdateTime": null,
        "Lock": null,
        "Limiter": null,
        "LinkID": 132229042
      },
      "geometry": {
        "type": "Polygon",
        "coordinates": [
          [
            [
              129.1049103863278,
              37.80468676656907
            ],
            [
              131.46386064922336,
              37.326517388258075
            ],
            [
              130.40790327112668,
              32.11716888842484
            ],
            [
              128.04895300773958,
              32.59533826673247
            ],
            [
              129.1049103863278,
              37.80468676656907
            ]
          ]
        ]
      }
    },
    {
      "type": "Feature",
      "properties": {
        "SlotID": 162220475,
        "SlotType": null,
        "FloorID": null,
        "Code": null,
        "ChargingPile": null,
        "Status": null,
        "StatusUpdateTime": null,
        "Lock": null,
        "Limiter": null,
        "LinkID": 132229042
      },
      "geometry": {
        "type": "Polygon",
        "coordinates": [
          [
            [
              131.46386064922336,
              37.326517388258075
            ],
            [
              133.82281091478293,
              36.84834800855011
            ],
            [
              132.76685353619987,
              31.638999509095772
            ],
            [
              130.40790327112668,
              32.11716888842484
            ],
            [
              131.46386064922336,
              37.326517388258075
            ]
          ]
        ]
      }
    },
    {
      "type": "Feature",
      "properties": {
        "SlotID": 162271304,
        "SlotType": null,
        "FloorID": null,
        "Code": null,
        "ChargingPile": null,
        "Status": null,
        "StatusUpdateTime": null,
        "Lock": null,
        "Limiter": null,
        "LinkID": 132229042
      },
      "geometry": {
        "type": "Polygon",
        "coordinates": [
          [
            [
              133.82281091478293,
              36.84834800855011
            ],
            [
              136.18176117738733,
              36.37017862982455
            ],
            [
              135.1258037977352,
              31.160830130606122
            ],
            [
              132.76685353619987,
              31.638999509095772
            ],
            [
              133.82281091478293,
              36.84834800855011
            ]
          ]
        ]
      }
    },
    {
      "type": "Feature",
      "properties": {
        "SlotID": 162219297,
        "SlotType": null,
        "FloorID": null,
        "Code": null,
        "ChargingPile": null,
        "Status": null,
        "StatusUpdateTime": null,
        "Lock": null,
        "Limiter": null,
        "LinkID": null
      },
      "geometry": {
        "type": "Polygon",
        "coordinates": [
          [
            [
              137.40108375655717,
              36.32767312887537
            ],
            [
              138.45704113551045,
              41.53702162888841
            ],
            [
              140.81599140008151,
              41.058852249545474
            ],
            [
              139.76003402005918,
              35.849503750173014
            ],
            [
              137.40108375655717,
              36.32767312887537
            ]
          ]
        ]
      }
    },
    {
      "type": "Feature",
      "properties": {
        "SlotID": 162257884,
        "SlotType": null,
        "FloorID": null,
        "Code": null,
        "ChargingPile": null,
        "Status": null,
        "StatusUpdateTime": null,
        "Lock": null,
        "Limiter": null,
        "LinkID": null
      },
      "geometry": {
        "type": "Polygon",
        "coordinates": [
          [
            [
              139.76003402005918,
              35.849503750173014
            ],
            [
              140.81599140008151,
              41.058852249545474
            ],
            [
              143.17494166232063,
              40.58068286980149
            ],
            [
              142.11898428421867,
              35.371334371182
            ],
            [
              139.76003402005918,
              35.849503750173014
            ]
          ]
        ]
      }
    },
    {
      "type": "Feature",
      "properties": {
        "SlotID": 162292141,
        "SlotType": null,
        "FloorID": null,
        "Code": null,
        "ChargingPile": null,
        "Status": null,
        "StatusUpdateTime": null,
        "Lock": null,
        "Limiter": null,
        "LinkID": null
      },
      "geometry": {
        "type": "Polygon",
        "coordinates": [
          [
            [
              142.11898428421867,
              35.371334371182
            ],
            [
              143.17494166232063,
              40.58068286980149
            ],
            [
              145.5338919274923,
              40.10251349233908
            ],
            [
              144.47793454765244,
              34.893164991222534
            ],
            [
              142.11898428421867,
              35.371334371182
            ]
          ]
        ]
      }
    },
    {
      "type": "Feature",
      "properties": {
        "SlotID": 162277416,
        "SlotType": null,
        "FloorID": null,
        "Code": null,
        "ChargingPile": null,
        "Status": null,
        "StatusUpdateTime": null,
        "Lock": null,
        "Limiter": null,
        "LinkID": 132229042
      },
      "geometry": {
        "type": "Polygon",
        "coordinates": [
          [
            [
              137.3612363084465,
              36.13109394059467
            ],
            [
              139.72018657212584,
              35.65292456097997
            ],
            [
              138.66422919528586,
              30.443576061167644
            ],
            [
              136.30527892968615,
              30.92174544124336
            ],
            [
              137.3612363084465,
              36.13109394059467
            ]
          ]
        ]
      }
    },
    {
      "type": "Feature",
      "properties": {
        "SlotID": 162269275,
        "SlotType": null,
        "FloorID": null,
        "Code": null,
        "ChargingPile": null,
        "Status": null,
        "StatusUpdateTime": null,
        "Lock": null,
        "Limiter": null,
        "LinkID": 132229042
      },
      "geometry": {
        "type": "Polygon",
        "coordinates": [
          [
            [
              139.72018657212584,
              35.65292456097997
            ],
            [
              142.0791368353936,
              35.174755181717174
            ],
            [
              141.02317945770744,
              29.965406682916875
            ],
            [
              138.66422919528586,
              30.443576061167644
            ],
            [
              139.72018657212584,
              35.65292456097997
            ]
          ]
        ]
      }
    },
    {
      "type": "Feature",
      "properties": {
        "SlotID": 162289161,
        "SlotType": null,
        "FloorID": null,
        "Code": null,
        "ChargingPile": null,
        "Status": null,
        "StatusUpdateTime": null,
        "Lock": null,
        "Limiter": null,
        "LinkID": 132211582
      },
      "geometry": {
        "type": "Polygon",
        "coordinates": [
          [
            [
              142.0791368353936,
              35.174755181717174
            ],
            [
              144.43808709931884,
              34.69658580378439
            ],
            [
              143.3821297203863,
              29.48723730370438
            ],
            [
              141.02317945770744,
              29.965406682916875
            ],
            [
              142.0791368353936,
              35.174755181717174
            ]
          ]
        ]
      }
    },
    {
      "type": "Feature",
      "properties": {
        "SlotID": 162274157,
        "SlotType": null,
        "FloorID": null,
        "Code": null,
        "ChargingPile": null,
        "Status": null,
        "StatusUpdateTime": null,
        "Lock": null,
        "Limiter": null,
        "LinkID": null
      },
      "geometry": {
        "type": "Polygon",
        "coordinates": [
          [
            [
              145.49557978908027,
              34.68688391878823
            ],
            [
              146.55153716642218,
              39.896232417772424
            ],
            [
              148.91048743015972,
              39.41806304043737
            ],
            [
              147.85453005228584,
              34.20871453933429
            ],
            [
              145.49557978908027,
              34.68688391878823
            ]
          ]
        ]
      }
    },
    {
      "type": "Feature",
      "properties": {
        "SlotID": 162284667,
        "SlotType": null,
        "FloorID": null,
        "Code": null,
        "ChargingPile": null,
        "Status": null,
        "StatusUpdateTime": null,
        "Lock": null,
        "Limiter": null,
        "LinkID": 132229042
      },
      "geometry": {
        "type": "Polygon",
        "coordinates": [
          [
            [
              145.45573234052372,
              34.49030472935999
            ],
            [
              147.81468260363806,
              34.01213535017109
            ],
            [
              146.75872522461944,
              28.80278685195238
            ],
            [
              144.39977496185975,
              29.280956230530556
            ],
            [
              145.45573234052372,
              34.49030472935999
            ]
          ]
        ]
      }
    },
    {
      "type": "Feature",
      "properties": {
        "SlotID": 162257974,
        "SlotType": null,
        "FloorID": null,
        "Code": null,
        "ChargingPile": null,
        "Status": null,
        "StatusUpdateTime": null,
        "Lock": null,
        "Limiter": null,
        "LinkID": null
      },
      "geometry": {
        "type": "Polygon",
        "coordinates": [
          [
            [
              157.30956555167114,
              49.89259179190911
            ],
            [
              158.36552292976788,
              55.101940291586565
            ],
            [
              160.72447319160952,
              54.62377091228811
            ],
            [
              159.66851581387255,
              49.41442241319152
            ],
            [
              157.30956555167114,
              49.89259179190911
            ]
          ]
        ]
      }
    },
    {
      "type": "Feature",
      "properties": {
        "SlotID": 162270449,
        "SlotType": null,
        "FloorID": null,
        "Code": null,
        "ChargingPile": null,
        "Status": null,
        "StatusUpdateTime": null,
        "Lock": null,
        "Limiter": null,
        "LinkID": null
      },
      "geometry": {
        "type": "Polygon",
        "coordinates": [
          [
            [
              159.66851581387255,
              49.41442241319152
            ],
            [
              160.72447319160952,
              54.62377091228811
            ],
            [
              163.08342345536016,
              54.145601533958306
            ],
            [
              162.0274660764629,
              48.93625303333937
            ],
            [
              159.66851581387255,
              49.41442241319152
            ]
          ]
        ]
      }
    },
    {
      "type": "Feature",
      "properties": {
        "SlotID": 162245693,
        "SlotType": null,
        "FloorID": null,
        "Code": null,
        "ChargingPile": null,
        "Status": null,
        "StatusUpdateTime": null,
        "Lock": null,
        "Limiter": null,
        "LinkID": null
      },
      "geometry": {
        "type": "Polygon",
        "coordinates": [
          [
            [
              162.0274660764629,
              48.93625303333937
            ],
            [
              163.08342345536016,
              54.145601533958306
            ],
            [
              165.4423737180709,
              53.667432154149
            ],
            [
              164.3864163414082,
              48.45808365519875
            ],
            [
              162.0274660764629,
              48.93625303333937
            ]
          ]
        ]
      }
    },
    {
      "type": "Feature",
      "properties": {
        "SlotID": 162212676,
        "SlotType": null,
        "FloorID": null,
        "Code": null,
        "ChargingPile": null,
        "Status": null,
        "StatusUpdateTime": null,
        "Lock": null,
        "Limiter": null,
        "LinkID": null
      },
      "geometry": {
        "type": "Polygon",
        "coordinates": [
          [
            [
              157.30956555167114,
              49.89259179190911
            ],
            [
              159.66851581387255,
              49.41442241319152
            ],
            [
              158.61255843496792,
              44.20507391343187
            ],
            [
              156.25360817222943,
              44.683243292480945
            ],
            [
              157.30956555167114,
              49.89259179190911
            ]
          ]
        ]
      }
    },
    {
      "type": "Feature",
      "properties": {
        "SlotID": 162249418,
        "SlotType": null,
        "FloorID": null,
        "Code": null,
        "ChargingPile": null,
        "Status": null,
        "StatusUpdateTime": null,
        "Lock": null,
        "Limiter": null,
        "LinkID": null
      },
      "geometry": {
        "type": "Polygon",
        "coordinates": [
          [
            [
              159.66851581387255,
              49.41442241319152
            ],
            [
              162.0274660764629,
              48.93625303333937
            ],
            [
              160.9715086995699,
              43.72690453487697
            ],
            [
              158.61255843496792,
              44.20507391343187
            ],
            [
              159.66851581387255,
              49.41442241319152
            ]
          ]
        ]
      }
    },
    {
      "type": "Feature",
      "properties": {
        "SlotID": 162217891,
        "SlotType": null,
        "FloorID": null,
        "Code": null,
        "ChargingPile": null,
        "Status": null,
        "StatusUpdateTime": null,
        "Lock": null,
        "Limiter": null,
        "LinkID": null
      },
      "geometry": {
        "type": "Polygon",
        "coordinates": [
          [
            [
              162.0274660764629,
              48.93625303333937
            ],
            [
              164.3864163414082,
              48.45808365519875
            ],
            [
              163.33045896201725,
              43.24873515460401
            ],
            [
              160.9715086995699,
              43.72690453487697
            ],
            [
              162.0274660764629,
              48.93625303333937
            ]
          ]
        ]
      }
    },
    {
      "type": "Feature",
      "properties": {
        "SlotID": 162251228,
        "SlotType": null,
        "FloorID": null,
        "Code": null,
        "ChargingPile": null,
        "Status": null,
        "StatusUpdateTime": null,
        "Lock": null,
        "Limiter": null,
        "LinkID": null
      },
      "geometry": {
        "type": "Polygon",
        "coordinates": [
          [
            [
              178.98081142514803,
              49.50661405603212
            ],
            [
              178.5026420463044,
              47.147663792122685
            ],
            [
              173.29329355047946,
              48.203621171336195
            ],
            [
              173.77146292829963,
              50.56257143393271
            ],
            [
              178.98081142514803,
              49.50661405603212
            ]
          ]
        ]
      }
    },
    {
      "type": "Feature",
      "properties": {
        "SlotID": 162235732,
        "SlotType": null,
        "FloorID": null,
        "Code": null,
        "ChargingPile": null,
        "Status": null,
        "StatusUpdateTime": null,
        "Lock": null,
        "Limiter": null,
        "LinkID": null
      },
      "geometry": {
        "type": "Polygon",
        "coordinates": [
          [
            [
              178.5026420463044,
              47.147663792122685
            ],
            [
              178.02447266986132,
              44.78871352878059
            ],
            [
              172.81512417104693,
              45.84467090707238
            ],
            [
              173.29329355047946,
              48.203621171336195
            ],
            [
              178.5026420463044,
              47.147663792122685
            ]
          ]
        ]
      }
    },
    {
      "type": "Feature",
      "properties": {
        "SlotID": 162240116,
        "SlotType": null,
        "FloorID": null,
        "Code": null,
        "ChargingPile": null,
        "Status": null,
        "StatusUpdateTime": null,
        "Lock": null,
        "Limiter": null,
        "LinkID": null
      },
      "geometry": {
        "type": "Polygon",
        "coordinates": [
          [
            [
              178.02447266986132,
              44.78871352878059
            ],
            [
              177.54630328908496,
              42.42976326450471
            ],
            [
              172.33695479218582,
              43.48572064276256
            ],
            [
              172.81512417104693,
              45.84467090707238
            ],
            [
              178.02447266986132,
              44.78871352878059
            ]
          ]
        ]
      }
    },
    {
      "type": "Feature",
      "properties": {
        "SlotID": 162205478,
        "SlotType": null,
        "FloorID": null,
        "Code": null,
        "ChargingPile": null,
        "Status": null,
        "StatusUpdateTime": null,
        "Lock": null,
        "Limiter": null,
        "LinkID": null
      },
      "geometry": {
        "type": "Polygon",
        "coordinates": [
          [
            [
              177.3072185995913,
              41.25028813338013
            ],
            [
              176.82904922243864,
              38.89133786918087
            ],
            [
              171.61970072446522,
              39.947295246887705
            ],
            [
              172.097870103138,
              42.30624551197619
            ],
            [
              177.3072185995913,
              41.25028813338013
            ]
          ]
        ]
      }
    },
    {
      "type": "Feature",
      "properties": {
        "SlotID": 162233563,
        "SlotType": null,
        "FloorID": null,
        "Code": null,
        "ChargingPile": null,
        "Status": null,
        "StatusUpdateTime": null,
        "Lock": null,
        "Limiter": null,
        "LinkID": null
      },
      "geometry": {
        "type": "Polygon",
        "coordinates": [
          [
            [
              176.82904922243864,
              38.89133786918087
            ],
            [
              176.35087984224472,
              36.532387604588
            ],
            [
              171.14153134516306,
              37.58834498337595
            ],
            [
              171.61970072446522,
              39.947295246887705
            ],
            [
              176.82904922243864,
              38.89133786918087
            ]
          ]
        ]
      }
    },
    {
      "type": "Feature",
      "properties": {
        "SlotID": 162226943,
        "SlotType": null,
        "FloorID": null,
        "Code": null,
        "ChargingPile": null,
        "Status": null,
        "StatusUpdateTime": null,
        "Lock": null,
        "Limiter": null,
        "LinkID": null
      },
      "geometry": {
        "type": "Polygon",
        "coordinates": [
          [
            [
              176.35087984224472,
              36.532387604588
            ],
            [
              175.87271046271346,
              34.17343734211207
            ],
            [
              170.6633619662094,
              35.22939471944674
            ],
            [
              171.14153134516306,
              37.58834498337595
            ],
            [
              176.35087984224472,
              36.532387604588
            ]
          ]
        ]
      }
    },
    {
      "type": "Feature",
      "properties": {
        "SlotID": 162224364,
        "SlotType": null,
        "FloorID": null,
        "Code": null,
        "ChargingPile": null,
        "Status": null,
        "StatusUpdateTime": null,
        "Lock": null,
        "Limiter": null,
        "LinkID": null
      },
      "geometry": {
        "type": "Polygon",
        "coordinates": [
          [
            [
              175.63362577339643,
              32.99396220891893
            ],
            [
              175.1554563961056,
              30.63501194503048
            ],
            [
              169.94610789812702,
              31.690969323569036
            ],
            [
              170.42427727600062,
              34.04991958800514
            ],
            [
              175.63362577339643,
              32.99396220891893
            ]
          ]
        ]
      }
    },
    {
      "type": "Feature",
      "properties": {
        "SlotID": 162280336,
        "SlotType": null,
        "FloorID": null,
        "Code": null,
        "ChargingPile": null,
        "Status": null,
        "StatusUpdateTime": null,
        "Lock": null,
        "Limiter": null,
        "LinkID": null
      },
      "geometry": {
        "type": "Polygon",
        "coordinates": [
          [
            [
              175.1554563961056,
              30.63501194503048
            ],
            [
              174.67728701613325,
              28.27606168213861
            ],
            [
              169.46793851917818,
              29.33201906037145
            ],
            [
              169.94610789812702,
              31.690969323569036
            ],
            [
              175.1554563961056,
              30.63501194503048
            ]
          ]
        ]
      }
    },
    {
      "type": "Feature",
      "properties": {
        "SlotID": 162208915,
        "SlotType": null,
        "FloorID": null,
        "Code": null,
        "ChargingPile": null,
        "Status": null,
        "StatusUpdateTime": null,
        "Lock": null,
        "Limiter": null,
        "LinkID": null
      },
      "geometry": {
        "type": "Polygon",
        "coordinates": [
          [
            [
              174.67728701613325,
              28.27606168213861
            ],
            [
              174.1991176369097,
              25.91711141747907
            ],
            [
              168.98976913919455,
              26.973068795671953
            ],
            [
              169.46793851917818,
              29.33201906037145
            ],
            [
              174.67728701613325,
              28.27606168213861
            ]
          ]
        ]
      }
    },
    {
      "type": "Feature",
      "properties": {
        "SlotID": 162281590,
        "SlotType": null,
        "FloorID": null,
        "Code": null,
        "ChargingPile": null,
        "Status": null,
        "StatusUpdateTime": null,
        "Lock": null,
        "Limiter": null,
        "LinkID": null
      },
      "geometry": {
        "type": "Polygon",
        "coordinates": [
          [
            [
              178.4645853376492,
              45.604378159433246
            ],
            [
              179.5205427174684,
              50.813726658437666
            ],
            [
              181.87949297833626,
              50.33555728018099
            ],
            [
              180.8235356003918,
              45.12620877983643
            ],
            [
              178.4645853376492,
              45.604378159433246
            ]
          ]
        ]
      }
    },
    {
      "type": "Feature",
      "properties": {
        "SlotID": 162229728,
        "SlotType": null,
        "FloorID": null,
        "Code": null,
        "ChargingPile": null,
        "Status": null,
        "StatusUpdateTime": null,
        "Lock": null,
        "Limiter": null,
        "LinkID": null
      },
      "geometry": {
        "type": "Polygon",
        "coordinates": [
          [
            [
              147.85453005228584,
              34.20871453933429
            ],
            [
              148.91048743015972,
              39.41806304043737
            ],
            [
              151.26943769339445,
              38.93989366048199
            ],
            [
              150.2134803158804,
              33.730545160769104
            ],
            [
              147.85453005228584,
              34.20871453933429
            ]
          ]
        ]
      }
    },
    {
      "type": "Feature",
      "properties": {
        "SlotID": 162234815,
        "SlotType": null,
        "FloorID": null,
        "Code": null,
        "ChargingPile": null,
        "Status": null,
        "StatusUpdateTime": null,
        "Lock": null,
        "Limiter": null,
        "LinkID": 132229042
      },
      "geometry": {
        "type": "Polygon",
        "coordinates": [
          [
            [
              147.81468260363806,
              34.01213535017109
            ],
            [
              150.1736328665638,
              33.53396597130091
            ],
            [
              149.11767549008874,
              28.324617472451717
            ],
            [
              146.75872522461944,
              28.80278685195238
            ],
            [
              147.81468260363806,
              34.01213535017109
            ]
          ]
        ]
      }
    },
    {
      "type": "Feature",
      "properties": {
        "SlotID": 162257097,
        "SlotType": null,
        "FloorID": null,
        "Code": null,
        "ChargingPile": null,
        "Status": null,
        "StatusUpdateTime": null,
        "Lock": null,
        "Limiter": null,
        "LinkID": null
      },
      "geometry": {
        "type": "Polygon",
        "coordinates": [
          [
            [
              150.2134803158804,
              33.730545160769104
            ],
            [
              151.26943769339445,
              38.93989366048199
            ],
            [
              153.62838795853827,
              38.461724281495265
            ],
            [
              152.5724305785262,
              33.25237578248266
            ],
            [
              150.2134803158804,
              33.730545160769104
            ]
          ]
        ]
      }
    },
    {
      "type": "Feature",
      "properties": {
        "SlotID": 162215870,
        "SlotType": null,
        "FloorID": null,
        "Code": null,
        "ChargingPile": null,
        "Status": null,
        "StatusUpdateTime": null,
        "Lock": null,
        "Limiter": null,
        "LinkID": null
      },
      "geometry": {
        "type": "Polygon",
        "coordinates": [
          [
            [
              55.73707923036983,
              34.66689559870282
            ],
            [
              56.793036608870445,
              39.876244098975505
            ],
            [
              59.151986873276236,
              39.39807471945956
            ],
            [
              58.0960294950898,
              34.188726220102595
            ],
            [
              55.73707923036983,
              34.66689559870282
            ]
          ]
        ]
      }
    },
    {
      "type": "Feature",
      "properties": {
        "SlotID": 162228039,
        "SlotType": null,
        "FloorID": null,
        "Code": null,
        "ChargingPile": null,
        "Status": null,
        "StatusUpdateTime": null,
        "Lock": null,
        "Limiter": null,
        "LinkID": null
      },
      "geometry": {
        "type": "Polygon",
        "coordinates": [
          [
            [
              58.0960294950898,
              34.188726220102595
            ],
            [
              59.151986873276236,
              39.39807471945956
            ],
            [
              61.51093713914521,
              38.9199053409787
            ],
            [
              60.454979759443816,
              33.71055684071011
            ],
            [
              58.0960294950898,
              34.188726220102595
            ]
          ]
        ]
      }
    },
    {
      "type": "Feature",
      "properties": {
        "SlotID": 162293288,
        "SlotType": null,
        "FloorID": null,
        "Code": null,
        "ChargingPile": null,
        "Status": null,
        "StatusUpdateTime": null,
        "Lock": null,
        "Limiter": null,
        "LinkID": null
      },
      "geometry": {
        "type": "Polygon",
        "coordinates": [
          [
            [
              60.454979759443816,
              33.71055684071011
            ],
            [
              61.51093713914521,
              38.9199053409787
            ],
            [
              63.86988740335106,
              38.441735962806455
            ],
            [
              62.813930023472345,
              33.2323874614269
            ],
            [
              60.454979759443816,
              33.71055684071011
            ]
          ]
        ]
      }
    },
    {
      "type": "Feature",
      "properties": {
        "SlotID": 162213200,
        "SlotType": null,
        "FloorID": null,
        "Code": null,
        "ChargingPile": null,
        "Status": null,
        "StatusUpdateTime": null,
        "Lock": null,
        "Limiter": null,
        "LinkID": null
      },
      "geometry": {
        "type": "Polygon",
        "coordinates": [
          [
            [
              38.044952247729846,
              38.2531659394408
            ],
            [
              39.10090962553147,
              43.462514439676134
            ],
            [
              41.459859890668135,
              42.9843450606337
            ],
            [
              40.403902512065976,
              37.774996561075525
            ],
            [
              38.044952247729846,
              38.2531659394408
            ]
          ]
        ]
      }
    },
    {
      "type": "Feature",
      "properties": {
        "SlotID": 162243557,
        "SlotType": null,
        "FloorID": null,
        "Code": null,
        "ChargingPile": null,
        "Status": null,
        "StatusUpdateTime": null,
        "Lock": null,
        "Limiter": null,
        "LinkID": null
      },
      "geometry": {
        "type": "Polygon",
        "coordinates": [
          [
            [
              40.403902512065976,
              37.774996561075525
            ],
            [
              41.459859890668135,
              42.9843450606337
            ],
            [
              43.81881015503857,
              42.50617568214925
            ],
            [
              42.76285277804262,
              37.29682718121434
            ],
            [
              40.403902512065976,
              37.774996561075525
            ]
          ]
        ]
      }
    },
    {
      "type": "Feature",
      "properties": {
        "SlotID": 162206035,
        "SlotType": null,
        "FloorID": null,
        "Code": null,
        "ChargingPile": null,
        "Status": null,
        "StatusUpdateTime": null,
        "Lock": null,
        "Limiter": null,
        "LinkID": null
      },
      "geometry": {
        "type": "Polygon",
        "coordinates": [
          [
            [
              42.76285277804262,
              37.29682718121434
            ],
            [
              43.81881015503857,
              42.50617568214925
            ],
            [
              46.1777604184147,
              42.02800630346907
            ],
            [
              45.12180304244736,
              36.81865780301537
            ],
            [
              42.76285277804262,
              37.29682718121434
            ]
          ]
        ]
      }
    },
    {
      "type": "Feature",
      "properties": {
        "SlotID": 162202484,
        "SlotType": null,
        "FloorID": null,
        "Code": null,
        "ChargingPile": null,
        "Status": null,
        "StatusUpdateTime": null,
        "Lock": null,
        "Limiter": null,
        "LinkID": null
      },
      "geometry": {
        "type": "Polygon",
        "coordinates": [
          [
            [
              31.557839022448434,
              39.568131732682126
            ],
            [
              32.61379639838046,
              44.77748023099791
            ],
            [
              34.97274666331646,
              44.299310852479756
            ],
            [
              33.91678928520065,
              39.08996235335201
            ],
            [
              31.557839022448434,
              39.568131732682126
            ]
          ]
        ]
      }
    },
    {
      "type": "Feature",
      "properties": {
        "SlotID": 162262327,
        "SlotType": null,
        "FloorID": null,
        "Code": null,
        "ChargingPile": null,
        "Status": null,
        "StatusUpdateTime": null,
        "Lock": null,
        "Limiter": null,
        "LinkID": null
      },
      "geometry": {
        "type": "Polygon",
        "coordinates": [
          [
            [
              33.91678928520065,
              39.08996235335201
            ],
            [
              34.97274666331646,
              44.299310852479756
            ],
            [
              37.33169692850971,
              43.82114147421386
            ],
            [
              36.27573954972508,
              38.61179297356713
            ],
            [
              33.91678928520065,
              39.08996235335201
            ]
          ]
        ]
      }
    },
    {
      "type": "Feature",
      "properties": {
        "SlotID": 162203929,
        "SlotType": null,
        "FloorID": null,
        "Code": null,
        "ChargingPile": null,
        "Status": null,
        "StatusUpdateTime": null,
        "Lock": null,
        "Limiter": null,
        "LinkID": 132229042
      },
      "geometry": {
        "type": "Polygon",
        "coordinates": [
          [
            [
              117.71796682498024,
              23.535697789934037
            ],
            [
              118.77392420397953,
              28.74504628967755
            ],
            [
              121.13287446791097,
              28.266876909819718
            ],
            [
              120.0769170907408,
              23.057528410284903
            ],
            [
              117.71796682498024,
              23.535697789934037
            ]
          ]
        ]
      }
    },
    {
      "type": "Feature",
      "properties": {
        "SlotID": 162200082,
        "SlotType": null,
        "FloorID": null,
        "Code": null,
        "ChargingPile": null,
        "Status": null,
        "StatusUpdateTime": null,
        "Lock": null,
        "Limiter": null,
        "LinkID": 132211582
      },
      "geometry": {
        "type": "Polygon",
        "coordinates": [
          [
            [
              120.0769170907408,
              23.057528410284903
            ],
            [
              121.13287446791097,
              28.266876909819718
            ],
            [
              123.49182473116228,
              27.788707530681883
            ],
            [
              122.4358673531916,
              22.57935903061025
            ],
            [
              120.0769170907408,
              23.057528410284903
            ]
          ]
        ]
      }
    },
    {
      "type": "Feature",
      "properties": {
        "SlotID": 162224666,
        "SlotType": null,
        "FloorID": null,
        "Code": null,
        "ChargingPile": null,
        "Status": null,
        "StatusUpdateTime": null,
        "Lock": null,
        "Limiter": null,
        "LinkID": 132229042
      },
      "geometry": {
        "type": "Polygon",
        "coordinates": [
          [
            [
              122.4358673531916,
              22.57935903061025
            ],
            [
              123.49182473116228,
              27.788707530681883
            ],
            [
              125.85077499511671,
              27.310538152943856
            ],
            [
              124.79481761625428,
              22.101189652195778
            ],
            [
              122.4358673531916,
              22.57935903061025
            ]
          ]
        ]
      }
    },
    {
      "type": "Feature",
      "properties": {
        "SlotID": 162265246,
        "SlotType": null,
        "FloorID": null,
        "Code": null,
        "ChargingPile": null,
        "Status": null,
        "StatusUpdateTime": null,
        "Lock": null,
        "Limiter": null,
        "LinkID": 132229042
      },
      "geometry": {
        "type": "Polygon",
        "coordinates": [
          [
            [
              125.97429274787703,
              21.86210496327395
            ],
            [
              127.0302501270941,
              27.07145346300664
            ],
            [
              129.3892003912317,
              26.593284084107683
            ],
            [
              128.3332430134435,
              21.383935583910613
            ],
            [
              125.97429274787703,
              21.86210496327395
            ]
          ]
        ]
      }
    },
    {
      "type": "Feature",
      "properties": {
        "SlotID": 162277136,
        "SlotType": null,
        "FloorID": null,
        "Code": null,
        "ChargingPile": null,
        "Status": null,
        "StatusUpdateTime": null,
        "Lock": null,
        "Limiter": null,
        "LinkID": 132229042
      },
      "geometry": {
        "type": "Polygon",
        "coordinates": [
          [
            [
              128.3332430134435,
              21.383935583910613
            ],
            [
              129.3892003912317,
              26.593284084107683
            ],
            [
              131.74815065415206,
              26.11511470423691
            ],
            [
              130.69219327578625,
              20.90576620508844
            ],
            [
              128.3332430134435,
              21.383935583910613
            ]
          ]
        ]
      }
    },
    {
      "type": "Feature",
      "properties": {
        "SlotID": 162261177,
        "SlotType": null,
        "FloorID": null,
        "Code": null,
        "ChargingPile": null,
        "Status": null,
        "StatusUpdateTime": null,
        "Lock": null,
        "Limiter": null,
        "LinkID": 132211582
      },
      "geometry": {
        "type": "Polygon",
        "coordinates": [
          [
            [
              130.69219327578625,
              20.90576620508844
            ],
            [
              131.74815065415206,
              26.11511470423691
            ],
            [
              134.10710091737525,
              25.636945326306844
            ],
            [
              133.05114353976953,
              20.427596826793668
            ],
            [
              130.69219327578625,
              20.90576620508844
            ]
          ]
        ]
      }
    },
    {
      "type": "Feature",
      "properties": {
        "SlotID": 162200664,
        "SlotType": null,
        "FloorID": null,
        "Code": null,
        "ChargingPile": null,
        "Status": null,
        "StatusUpdateTime": null,
        "Lock": null,
        "Limiter": null,
        "LinkID": 132211582
      },
      "geometry": {
        "type": "Polygon",
        "coordinates": [
          [
            [
              134.2306186712496,
              20.188512136933277
            ],
            [
              135.2865760499244,
              25.397860636210538
            ],
            [
              137.6455263133764,
              24.91969125840334
            ],
            [
              136.58956893447865,
              19.71034275754065
            ],
            [
              134.2306186712496,
              20.188512136933277
            ]
          ]
        ]
      }
    },
    {
      "type": "Feature",
      "properties": {
        "SlotID": 162225211,
        "SlotType": null,
        "FloorID": null,
        "Code": null,
        "ChargingPile": null,
        "Status": null,
        "StatusUpdateTime": null,
        "Lock": null,
        "Limiter": null,
        "LinkID": 132211582
      },
      "geometry": {
        "type": "Polygon",
        "coordinates": [
          [
            [
              136.58956893447865,
              19.71034275754065
            ],
            [
              137.6455263133764,
              24.91969125840334
            ],
            [
              140.00447657717172,
              24.441521878177785
            ],
            [
              138.94851919867938,
              19.23217337998908
            ],
            [
              136.58956893447865,
              19.71034275754065
            ]
          ]
        ]
      }
    },
    {
      "type": "Feature",
      "properties": {
        "SlotID": 162264764,
        "SlotType": null,
        "FloorID": null,
        "Code": null,
        "ChargingPile": null,
        "Status": null,
        "StatusUpdateTime": null,
        "Lock": null,
        "Limiter": null,
        "LinkID": 132211582
      },
      "geometry": {
        "type": "Polygon",
        "coordinates": [
          [
            [
              144.8458948578187,
              18.03674993210347
            ],
            [
              145.90185223479094,
              23.246098432235577
            ],
            [
              148.2608024986607,
              22.767929053141735
            ],
            [
              147.20484512195705,
              17.558580553855535
            ],
            [
              144.8458948578187,
              18.03674993210347
            ]
          ]
        ]
      }
    },
    {
      "type": "Feature",
      "properties": {
        "SlotID": 162232240,
        "SlotType": null,
        "FloorID": null,
        "Code": null,
        "ChargingPile": null,
        "Status": null,
        "StatusUpdateTime": null,
        "Lock": null,
        "Limiter": null,
        "LinkID": 132229042
      },
      "geometry": {
        "type": "Polygon",
        "coordinates": [
          [
            [
              147.20484512195705,
              17.558580553855535
            ],
            [
              148.2608024986607,
              22.767929053141735
            ],
            [
              150.61975276149053,
              22.28975967418703
            ],
            [
              149.56379538269434,
              17.08041117463314
            ],
            [
              147.20484512195705,
              17.558580553855535
            ]
          ]
        ]
      }
    },
    {
      "type": "Feature",
      "properties": {
        "SlotID": 162299478,
        "SlotType": null,
        "FloorID": null,
        "Code": null,
        "ChargingPile": null,
        "Status": null,
        "StatusUpdateTime": null,
        "Lock": null,
        "Limiter": null,
        "LinkID": 132229042
      },
      "geometry": {
        "type": "Polygon",
        "coordinates": [
          [
            [
              150.74327051406638,
              16.84132648562523
            ],
            [
              151.79922789335407,
              22.050674984777828
            ],
            [
              154.15817815735008,
              21.572505605882906
            ],
            [
              153.10222077775333,
              16.36315710700618
            ],
            [
              150.74327051406638,
              16.84132648562523
            ]
          ]
        ]
      }
    },
    {
      "type": "Feature",
      "properties": {
        "SlotID": 162264067,
        "SlotType": null,
        "FloorID": null,
        "Code": null,
        "ChargingPile": null,
        "Status": null,
        "StatusUpdateTime": null,
        "Lock": null,
        "Limiter": null,
        "LinkID": 132229042
      },
      "geometry": {
        "type": "Polygon",
        "coordinates": [
          [
            [
              153.10222077775333,
              16.36315710700618
            ],
            [
              154.15817815735008,
              21.572505605882906
            ],
            [
              156.51712841977417,
              21.094336227031548
            ],
            [
              155.46117104272102,
              15.884987726715023
            ],
            [
              153.10222077775333,
              16.36315710700618
            ]
          ]
        ]
      }
    },
    {
      "type": "Feature",
      "properties": {
        "SlotID": 162263557,
        "SlotType": null,
        "FloorID": null,
        "Code": null,
        "ChargingPile": null,
        "Status": null,
        "StatusUpdateTime": null,
        "Lock": null,
        "Limiter": null,
        "LinkID": 132229042
      },
      "geometry": {
        "type": "Polygon",
        "coordinates": [
          [
            [
              155.46117104272102,
              15.884987726715023
            ],
            [
              156.51712841977417,
              21.094336227031548
            ],
            [
              158.8760786825872,
              20.616166847450295
            ],
            [
              157.82012130357322,
              15.406818347907228
            ],
            [
              155.46117104272102,
              15.884987726715023
            ]
          ]
        ]
      }
    },
    {
      "type": "Feature",
      "properties": {
        "SlotID": 162298364,
        "SlotType": null,
        "FloorID": null,
        "Code": null,
        "ChargingPile": null,
        "Status": null,
        "StatusUpdateTime": null,
        "Lock": null,
        "Limiter": null,
        "LinkID": 132229042
      },
      "geometry": {
        "type": "Polygon",
        "coordinates": [
          [
            [
              158.9995964373918,
              15.167733658614068
            ],
            [
              160.0555538143537,
              20.377082158386315
            ],
            [
              162.41450407717258,
              19.898912779770473
            ],
            [
              161.35854669807253,
              14.689564280065387
            ],
            [
              158.9995964373918,
              15.167733658614068
            ]
          ]
        ]
      }
    },
    {
      "type": "Feature",
      "properties": {
        "SlotID": 162206512,
        "SlotType": null,
        "FloorID": null,
        "Code": null,
        "ChargingPile": null,
        "Status": null,
        "StatusUpdateTime": null,
        "Lock": null,
        "Limiter": null,
        "LinkID": 132229042
      },
      "geometry": {
        "type": "Polygon",
        "coordinates": [
          [
            [
              161.35854669807253,
              14.689564280065387
            ],
            [
              162.41450407717258,
              19.898912779770473
            ],
            [
              164.77345434042604,
              19.420743400494533
            ],
            [
              163.7174969618631,
              14.211394901267285
            ],
            [
              161.35854669807253,
              14.689564280065387
            ]
          ]
        ]
      }
    },
    {
      "type": "Feature",
      "properties": {
        "SlotID": 162228411,
        "SlotType": null,
        "FloorID": null,
        "Code": null,
        "ChargingPile": null,
        "Status": null,
        "StatusUpdateTime": null,
        "Lock": null,
        "Limiter": null,
        "LinkID": 132293743
      },
      "geometry": {
        "type": "Polygon",
        "coordinates": [
          [
            [
              101.60519915689554,
              80.72879662897579
            ],
            [
              102.66115653436913,
              85.93814512843066
            ],
            [
              105.02010679901866,
              85.45997574952332
            ],
            [
              103.96414942047599,
              80.2506272490904
            ],
            [
              101.60519915689554,
              80.72879662897579
            ]
          ]
        ]
      }
    },
    {
      "type": "Feature",
      "properties": {
        "SlotID": 162241112,
        "SlotType": null,
        "FloorID": null,
        "Code": null,
        "ChargingPile": null,
        "Status": null,
        "StatusUpdateTime": null,
        "Lock": null,
        "Limiter": null,
        "LinkID": 132293743
      },
      "geometry": {
        "type": "Polygon",
        "coordinates": [
          [
            [
              103.96414942047599,
              80.2506272490904
            ],
            [
              105.02010679901866,
              85.45997574952332
            ],
            [
              107.37905706294244,
              84.98180637045688
            ],
            [
              106.32309968498251,
              79.77245787016692
            ],
            [
              103.96414942047599,
              80.2506272490904
            ]
          ]
        ]
      }
    },
    {
      "type": "Feature",
      "properties": {
        "SlotID": 162219247,
        "SlotType": null,
        "FloorID": null,
        "Code": null,
        "ChargingPile": null,
        "Status": null,
        "StatusUpdateTime": null,
        "Lock": null,
        "Limiter": null,
        "LinkID": null
      },
      "geometry": {
        "type": "Polygon",
        "coordinates": [
          [
            [
              106.32309968498251,
              79.77245787016692
            ],
            [
              107.37905706294244,
              84.98180637045688
            ],
            [
              109.73800732739201,
              84.50363699208394
            ],
            [
              108.68204994965502,
              79.29428849054678
            ],
            [
              106.32309968498251,
              79.77245787016692
            ]
          ]
        ]
      }
    },
    {
      "type": "Feature",
      "properties": {
        "SlotID": 162256607,
        "SlotType": null,
        "FloorID": null,
        "Code": null,
        "ChargingPile": null,
        "Status": null,
        "StatusUpdateTime": null,
        "Lock": null,
        "Limiter": null,
        "LinkID": null
      },
      "geometry": {
        "type": "Polygon",
        "coordinates": [
          [
            [
              101.36611446779705,
              79.54932149624186
            ],
            [
              103.72506473209194,
              79.07115211754059
            ],
            [
              102.66910735420097,
              73.86180361632613
            ],
            [
              100.31015708959191,
              74.33997299532567
            ],
            [
              101.36611446779705,
              79.54932149624186
            ]
          ]
        ]
      }
    },
    {
      "type": "Feature",
      "properties": {
        "SlotID": 162224371,
        "SlotType": null,
        "FloorID": null,
        "Code": null,
        "ChargingPile": null,
        "Status": null,
        "StatusUpdateTime": null,
        "Lock": null,
        "Limiter": null,
        "LinkID": null
      },
      "geometry": {
        "type": "Polygon",
        "coordinates": [
          [
            [
              103.72506473209194,
              79.07115211754059
            ],
            [
              106.08401499543812,
              78.59298273749944
            ],
            [
              105.02805761835285,
              73.3836342367994
            ],
            [
              102.66910735420097,
              73.86180361632613
            ],
            [
              103.72506473209194,
              79.07115211754059
            ]
          ]
        ]
      }
    },
    {
      "type": "Feature",
      "properties": {
        "SlotID": 162202726,
        "SlotType": null,
        "FloorID": null,
        "Code": null,
        "ChargingPile": null,
        "Status": null,
        "StatusUpdateTime": null,
        "Lock": null,
        "Limiter": null,
        "LinkID": null
      },
      "geometry": {
        "type": "Polygon",
        "coordinates": [
          [
            [
              106.08401499543812,
              78.59298273749944
            ],
            [
              108.44296526198539,
              78.11481335977643
            ],
            [
              107.38700788271635,
              72.90546485866909
            ],
            [
              105.02805761835285,
              73.3836342367994
            ],
            [
              106.08401499543812,
              78.59298273749944
            ]
          ]
        ]
      }
    },
    {
      "type": "Feature",
      "properties": {
        "SlotID": 162254874,
        "SlotType": null,
        "FloorID": null,
        "Code": null,
        "ChargingPile": null,
        "Status": null,
        "StatusUpdateTime": null,
        "Lock": null,
        "Limiter": null,
        "LinkID": null
      },
      "geometry": {
        "type": "Polygon",
        "coordinates": [
          [
            [
              101.90304260072325,
              107.94372213323201
            ],
            [
              107.11239110081506,
              106.88776475428071
            ],
            [
              106.63422172183682,
              104.5288144901443
            ],
            [
              101.42487322174502,
              105.58477186990493
            ],
            [
              101.90304260072325,
              107.94372213323201
            ]
          ]
        ]
      }
    },
    {
      "type": "Feature",
      "properties": {
        "SlotID": 162261203,
        "SlotType": null,
        "FloorID": null,
        "Code": null,
        "ChargingPile": null,
        "Status": null,
        "StatusUpdateTime": null,
        "Lock": null,
        "Limiter": null,
        "LinkID": null
      },
      "geometry": {
        "type": "Polygon",
        "coordinates": [
          [
            [
              101.42487322174502,
              105.58477186990493
            ],
            [
              106.63422172183682,
              104.5288144901443
            ],
            [
              106.15605234294365,
              102.16986422593611
            ],
            [
              100.94670384284669,
              103.22582160490983
            ],
            [
              101.42487322174502,
              105.58477186990493
            ]
          ]
        ]
      }
    },
    {
      "type": "Feature",
      "properties": {
        "SlotID": 162274107,
        "SlotType": null,
        "FloorID": null,
        "Code": null,
        "ChargingPile": null,
        "Status": null,
        "StatusUpdateTime": null,
        "Lock": null,
        "Limiter": null,
        "LinkID": null
      },
      "geometry": {
        "type": "Polygon",
        "coordinates": [
          [
            [
              101.90304260072325,
              107.94372213323201
            ],
            [
              101.42487322174502,
              105.58477186990493
            ],
            [
              96.2155247208652,
              106.64072924693254
            ],
            [
              96.69369409980297,
              108.99967951219074
            ],
            [
              101.90304260072325,
              107.94372213323201
            ]
          ]
        ]
      }
    },
    {
      "type": "Feature",
      "properties": {
        "SlotID": 162247264,
        "SlotType": null,
        "FloorID": null,
        "Code": null,
        "ChargingPile": null,
        "Status": null,
        "StatusUpdateTime": null,
        "Lock": null,
        "Limiter": null,
        "LinkID": null
      },
      "geometry": {
        "type": "Polygon",
        "coordinates": [
          [
            [
              101.42487322174502,
              105.58477186990493
            ],
            [
              100.94670384284669,
              103.22582160490983
            ],
            [
              95.73735534317282,
              104.28177898433891
            ],
            [
              96.2155247208652,
              106.64072924693254
            ],
            [
              101.42487322174502,
              105.58477186990493
            ]
          ]
        ]
      }
    },
    {
      "type": "Feature",
      "properties": {
        "SlotID": 162216177,
        "SlotType": null,
        "FloorID": null,
        "Code": null,
        "ChargingPile": null,
        "Status": null,
        "StatusUpdateTime": null,
        "Lock": null,
        "Limiter": null,
        "LinkID": null
      },
      "geometry": {
        "type": "Polygon",
        "coordinates": [
          [
            [
              84.20391332409997,
              111.49544810394411
            ],
            [
              89.41326182479563,
              110.43949072668492
            ],
            [
              88.93509244609109,
              108.08054046175337
            ],
            [
              83.72574394651014,
              109.13649784006044
            ],
            [
              84.20391332409997,
              111.49544810394411
            ]
          ]
        ]
      }
    },
    {
      "type": "Feature",
      "properties": {
        "SlotID": 162269159,
        "SlotType": null,
        "FloorID": null,
        "Code": null,
        "ChargingPile": null,
        "Status": null,
        "StatusUpdateTime": null,
        "Lock": null,
        "Limiter": null,
        "LinkID": null
      },
      "geometry": {
        "type": "Polygon",
        "coordinates": [
          [
            [
              83.72574394651014,
              109.13649784006044
            ],
            [
              88.93509244609109,
              108.08054046175337
            ],
            [
              88.45692306760333,
              105.72159019738653
            ],
            [
              83.247574567085,
              106.77754757697068
            ],
            [
              83.72574394651014,
              109.13649784006044
            ]
          ]
        ]
      }
    },
    {
      "type": "Feature",
      "properties": {
        "SlotID": 162253410,
        "SlotType": null,
        "FloorID": null,
        "Code": null,
        "ChargingPile": null,
        "Status": null,
        "StatusUpdateTime": null,
        "Lock": null,
        "Limiter": null,
        "LinkID": null
      },
      "geometry": {
        "type": "Polygon",
        "coordinates": [
          [
            [
              84.20391332409997,
              111.49544810394411
            ],
            [
              83.72574394651014,
              109.13649784006044
            ],
            [
              78.51639544494041,
              110.19245521766192
            ],
            [
              78.99456482306736,
              112.55140548323739
            ],
            [
              84.20391332409997,
              111.49544810394411
            ]
          ]
        ]
      }
    },
    {
      "type": "Feature",
      "properties": {
        "SlotID": 162226127,
        "SlotType": null,
        "FloorID": null,
        "Code": null,
        "ChargingPile": null,
        "Status": null,
        "StatusUpdateTime": null,
        "Lock": null,
        "Limiter": null,
        "LinkID": null
      },
      "geometry": {
        "type": "Polygon",
        "coordinates": [
          [
            [
              83.72574394651014,
              109.13649784006044
            ],
            [
              83.247574567085,
              106.77754757697068
            ],
            [
              78.0382260664475,
              107.83350495412681
            ],
            [
              78.51639544494041,
              110.19245521766192
            ],
            [
              83.72574394651014,
              109.13649784006044
            ]
          ]
        ]
      }
    },
    {
      "type": "Feature",
      "properties": {
        "SlotID": 162275327,
        "SlotType": null,
        "FloorID": null,
        "Code": null,
        "ChargingPile": null,
        "Status": null,
        "StatusUpdateTime": null,
        "Lock": null,
        "Limiter": null,
        "LinkID": null
      },
      "geometry": {
        "type": "Polygon",
        "coordinates": [
          [
            [
              67.11895983037235,
              118.0770839616871
            ],
            [
              72.32830833282699,
              117.02112658321347
            ],
            [
              71.85013895465679,
              114.66217631994597
            ],
            [
              66.64079045184235,
              115.7181336970294
            ],
            [
              67.11895983037235,
              118.0770839616871
            ]
          ]
        ]
      }
    },
    {
      "type": "Feature",
      "properties": {
        "SlotID": 162207238,
        "SlotType": null,
        "FloorID": null,
        "Code": null,
        "ChargingPile": null,
        "Status": null,
        "StatusUpdateTime": null,
        "Lock": null,
        "Limiter": null,
        "LinkID": null
      },
      "geometry": {
        "type": "Polygon",
        "coordinates": [
          [
            [
              66.64079045184235,
              115.7181336970294
            ],
            [
              71.85013895465679,
              114.66217631994597
            ],
            [
              71.37196957478298,
              112.3032260544669
            ],
            [
              66.162621073975,
              113.35918343286998
            ],
            [
              66.64079045184235,
              115.7181336970294
            ]
          ]
        ]
      }
    },
    {
      "type": "Feature",
      "properties": {
        "SlotID": 162276018,
        "SlotType": null,
        "FloorID": null,
        "Code": null,
        "ChargingPile": null,
        "Status": null,
        "StatusUpdateTime": null,
        "Lock": null,
        "Limiter": null,
        "LinkID": null
      },
      "geometry": {
        "type": "Polygon",
        "coordinates": [
          [
            [
              66.162621073975,
              113.35918343286998
            ],
            [
              71.37196957478298,
              112.3032260544669
            ],
            [
              70.89380019695508,
              109.9442757913799
            ],
            [
              65.68445169565561,
              111.00023317018427
            ],
            [
              66.162621073975,
              113.35918343286998
            ]
          ]
        ]
      }
    },
    {
      "type": "Feature",
      "properties": {
        "SlotID": 162278498,
        "SlotType": null,
        "FloorID": null,
        "Code": null,
        "ChargingPile": null,
        "Status": null,
        "StatusUpdateTime": null,
        "Lock": null,
        "Limiter": null,
        "LinkID": null
      },
      "geometry": {
        "type": "Polygon",
        "coordinates": [
          [
            [
              146.50304962108825,
              69.27425991473157
            ],
            [
              148.8619998845127,
              68.79609053586002
            ],
            [
              147.80604250634778,
              63.586742035744805
            ],
            [
              145.447092242746,
              64.06491141471939
            ],
            [
              146.50304962108825,
              69.27425991473157
            ]
          ]
        ]
      }
    },
    {
      "type": "Feature",
      "properties": {
        "SlotID": 162230667,
        "SlotType": null,
        "FloorID": null,
        "Code": null,
        "ChargingPile": null,
        "Status": null,
        "StatusUpdateTime": null,
        "Lock": null,
        "Limiter": null,
        "LinkID": null
      },
      "geometry": {
        "type": "Polygon",
        "coordinates": [
          [
            [
              148.8619998845127,
              68.79609053586002
            ],
            [
              151.22095014805754,
              68.31792115662665
            ],
            [
              150.16499276936065,
              63.10857265682053
            ],
            [
              147.80604250634778,
              63.586742035744805
            ],
            [
              148.8619998845127,
              68.79609053586002
            ]
          ]
        ]
      }
    },
    {
      "type": "Feature",
      "properties": {
        "SlotID": 162287497,
        "SlotType": null,
        "FloorID": null,
        "Code": null,
        "ChargingPile": null,
        "Status": null,
        "StatusUpdateTime": null,
        "Lock": null,
        "Limiter": null,
        "LinkID": null
      },
      "geometry": {
        "type": "Polygon",
        "coordinates": [
          [
            [
              168.91307712456393,
              64.7316508130466
            ],
            [
              171.27202738669777,
              64.25348143365505
            ],
            [
              170.21607000730194,
              59.04413293340693
            ],
            [
              167.85711974512247,
              59.52230231313334
            ],
            [
              168.91307712456393,
              64.7316508130466
            ]
          ]
        ]
      }
    },
    {
      "type": "Feature",
      "properties": {
        "SlotID": 162215047,
        "SlotType": null,
        "FloorID": null,
        "Code": null,
        "ChargingPile": null,
        "Status": null,
        "StatusUpdateTime": null,
        "Lock": null,
        "Limiter": null,
        "LinkID": null
      },
      "geometry": {
        "type": "Polygon",
        "coordinates": [
          [
            [
              173.6309776493118,
              63.77531205529188
            ],
            [
              175.98992791231476,
              63.297142674580144
            ],
            [
              174.93397053510787,
              58.08779417552624
            ],
            [
              172.57502027067602,
              58.56596355467903
            ],
            [
              173.6309776493118,
              63.77531205529188
            ]
          ]
        ]
      }
    },
    {
      "type": "Feature",
      "properties": {
        "SlotID": 162281122,
        "SlotType": null,
        "FloorID": null,
        "Code": null,
        "ChargingPile": null,
        "Status": null,
        "StatusUpdateTime": null,
        "Lock": null,
        "Limiter": null,
        "LinkID": null
      },
      "geometry": {
        "type": "Polygon",
        "coordinates": [
          [
            [
              172.42154841521656,
              81.89209211250234
            ],
            [
              173.47750579316448,
              87.10144061220116
            ],
            [
              175.83645605583547,
              86.6232712328828
            ],
            [
              174.7804986784246,
              81.41392273325714
            ],
            [
              172.42154841521656,
              81.89209211250234
            ]
          ]
        ]
      }
    },
    {
      "type": "Feature",
      "properties": {
        "SlotID": 162213212,
        "SlotType": null,
        "FloorID": null,
        "Code": null,
        "ChargingPile": null,
        "Status": null,
        "StatusUpdateTime": null,
        "Lock": null,
        "Limiter": null,
        "LinkID": null
      },
      "geometry": {
        "type": "Polygon",
        "coordinates": [
          [
            [
              177.05968468274358,
              80.95192191410504
            ],
            [
              178.11564205934872,
              86.16127041321627
            ],
            [
              180.47459232370917,
              85.68310103370102
            ],
            [
              179.41863494460608,
              80.47375253407608
            ],
            [
              177.05968468274358,
              80.95192191410504
            ]
          ]
        ]
      }
    },
    {
      "type": "Feature",
      "properties": {
        "SlotID": 162213509,
        "SlotType": null,
        "FloorID": null,
        "Code": null,
        "ChargingPile": null,
        "Status": null,
        "StatusUpdateTime": null,
        "Lock": null,
        "Limiter": null,
        "LinkID": null
      },
      "geometry": {
        "type": "Polygon",
        "coordinates": [
          [
            [
              180.72935451133162,
              80.20806403190034
            ],
            [
              181.78531189105794,
              85.4174125313558
            ],
            [
              184.1442621520809,
              84.9392431526282
            ],
            [
              183.08830477485256,
              79.72989465206777
            ],
            [
              180.72935451133162,
              80.20806403190034
            ]
          ]
        ]
      }
    },
    {
      "type": "Feature",
      "properties": {
        "SlotID": 162259155,
        "SlotType": null,
        "FloorID": null,
        "Code": null,
        "ChargingPile": null,
        "Status": null,
        "StatusUpdateTime": null,
        "Lock": null,
        "Limiter": null,
        "LinkID": null
      },
      "geometry": {
        "type": "Polygon",
        "coordinates": [
          [
            [
              68.57343877920684,
              123.85332270456554
            ],
            [
              68.09526940248129,
              121.49437244122643
            ],
            [
              62.8859209005931,
              122.55032981924917
            ],
            [
              63.36409027914779,
              124.90928008239231
            ],
            [
              68.57343877920684,
              123.85332270456554
            ]
          ]
        ]
      }
    },
    {
      "type": "Feature",
      "properties": {
        "SlotID": 162281411,
        "SlotType": null,
        "FloorID": null,
        "Code": null,
        "ChargingPile": null,
        "Status": null,
        "StatusUpdateTime": null,
        "Lock": null,
        "Limiter": null,
        "LinkID": null
      },
      "geometry": {
        "type": "Polygon",
        "coordinates": [
          [
            [
              68.09526940248129,
              121.49437244122643
            ],
            [
              67.61710002249156,
              119.13542217671761
            ],
            [
              62.40775152167245,
              120.1913795549091
            ],
            [
              62.8859209005931,
              122.55032981924917
            ],
            [
              68.09526940248129,
              121.49437244122643
            ]
          ]
        ]
      }
    },
    {
      "type": "Feature",
      "properties": {
        "SlotID": 162200015,
        "SlotType": null,
        "FloorID": null,
        "Code": null,
        "ChargingPile": null,
        "Status": null,
        "StatusUpdateTime": null,
        "Lock": null,
        "Limiter": null,
        "LinkID": 132211582
      },
      "geometry": {
        "type": "Polygon",
        "coordinates": [
          [
            [
              150.1736328665638,
              33.53396597130091
            ],
            [
              152.53258313059288,
              33.05579659207562
            ],
            [
              151.47662575237993,
              27.84644809356201
            ],
            [
              149.11767549008874,
              28.324617472451717
            ],
            [
              150.1736328665638,
              33.53396597130091
            ]
          ]
        ]
      }
    },
    {
      "type": "Feature",
      "properties": {
        "SlotID": 162226777,
        "SlotType": null,
        "FloorID": null,
        "Code": null,
        "ChargingPile": null,
        "Status": null,
        "StatusUpdateTime": null,
        "Lock": null,
        "Limiter": null,
        "LinkID": null
      },
      "geometry": {
        "type": "Polygon",
        "coordinates": [
          [
            [
              153.75190570976065,
              33.01329109151344
            ],
            [
              154.80786308981828,
              38.22263959221449
            ],
            [
              157.16681335344785,
              37.74447021289929
            ],
            [
              156.1108559724123,
              32.535121712573755
            ],
            [
              153.75190570976065,
              33.01329109151344
            ]
          ]
        ]
      }
    },
    {
      "type": "Feature",
      "properties": {
        "SlotID": 162237448,
        "SlotType": null,
        "FloorID": null,
        "Code": null,
        "ChargingPile": null,
        "Status": null,
        "StatusUpdateTime": null,
        "Lock": null,
        "Limiter": null,
        "LinkID": 132211582
      },
      "geometry": {
        "type": "Polygon",
        "coordinates": [
          [
            [
              153.71205826187293,
              32.81671190319951
            ],
            [
              156.0710085252847,
              32.33854252470445
            ],
            [
              155.01505114689442,
              27.129194025079883
            ],
            [
              152.65610088335097,
              27.607363404557105
            ],
            [
              153.71205826187293,
              32.81671190319951
            ]
          ]
        ]
      }
    },
    {
      "type": "Feature",
      "properties": {
        "SlotID": 162260396,
        "SlotType": null,
        "FloorID": null,
        "Code": null,
        "ChargingPile": null,
        "Status": null,
        "StatusUpdateTime": null,
        "Lock": null,
        "Limiter": null,
        "LinkID": null
      },
      "geometry": {
        "type": "Polygon",
        "coordinates": [
          [
            [
              156.1108559724123,
              32.535121712573755
            ],
            [
              157.16681335344785,
              37.74447021289929
            ],
            [
              159.5257636162199,
              37.26630083359778
            ],
            [
              158.46980623853366,
              32.05695233437018
            ],
            [
              156.1108559724123,
              32.535121712573755
            ]
          ]
        ]
      }
    },
    {
      "type": "Feature",
      "properties": {
        "SlotID": 162232224,
        "SlotType": null,
        "FloorID": null,
        "Code": null,
        "ChargingPile": null,
        "Status": null,
        "StatusUpdateTime": null,
        "Lock": null,
        "Limiter": null,
        "LinkID": 132211582
      },
      "geometry": {
        "type": "Polygon",
        "coordinates": [
          [
            [
              156.0710085252847,
              32.33854252470445
            ],
            [
              158.4299587888168,
              31.860373144633577
            ],
            [
              157.37400140989456,
              26.65102464653208
            ],
            [
              155.01505114689442,
              27.129194025079883
            ],
            [
              156.0710085252847,
              32.33854252470445
            ]
          ]
        ]
      }
    },
    {
      "type": "Feature",
      "properties": {
        "SlotID": 162215034,
        "SlotType": null,
        "FloorID": null,
        "Code": null,
        "ChargingPile": null,
        "Status": null,
        "StatusUpdateTime": null,
        "Lock": null,
        "Limiter": null,
        "LinkID": null
      },
      "geometry": {
        "type": "Polygon",
        "coordinates": [
          [
            [
              158.46980623853366,
              32.05695233437018
            ],
            [
              159.5257636162199,
              37.26630083359778
            ],
            [
              161.88471387835745,
              36.78813145468143
            ],
            [
              160.82875649982506,
              31.57878295565652
            ],
            [
              158.46980623853366,
              32.05695233437018
            ]
          ]
        ]
      }
    },
    {
      "type": "Feature",
      "properties": {
        "SlotID": 162210661,
        "SlotType": null,
        "FloorID": null,
        "Code": null,
        "ChargingPile": null,
        "Status": null,
        "StatusUpdateTime": null,
        "Lock": null,
        "Limiter": null,
        "LinkID": 132229042
      },
      "geometry": {
        "type": "Polygon",
        "coordinates": [
          [
            [
              158.4299587888168,
              31.860373144633577
            ],
            [
              160.78890905144584,
              31.382203766125254
            ],
            [
              159.73295167279218,
              26.172855266846348
            ],
            [
              157.37400140989456,
              26.65102464653208
            ],
            [
              158.4299587888168,
              31.860373144633577
            ]
          ]
        ]
      }
    },
    {
      "type": "Feature",
      "properties": {
        "SlotID": 162238993,
        "SlotType": null,
        "FloorID": null,
        "Code": null,
        "ChargingPile": null,
        "Status": null,
        "StatusUpdateTime": null,
        "Lock": null,
        "Limiter": null,
        "LinkID": null
      },
      "geometry": {
        "type": "Polygon",
        "coordinates": [
          [
            [
              164.67399203857207,
              69.53986744894812
            ],
            [
              164.1958226606839,
              67.18091718508191
            ],
            [
              158.98647416222292,
              68.23687456260964
            ],
            [
              159.46464354158556,
              70.5958248281046
            ],
            [
              164.67399203857207,
              69.53986744894812
            ]
          ]
        ]
      }
    },
    {
      "type": "Feature",
      "properties": {
        "SlotID": 162258429,
        "SlotType": null,
        "FloorID": null,
        "Code": null,
        "ChargingPile": null,
        "Status": null,
        "StatusUpdateTime": null,
        "Lock": null,
        "Limiter": null,
        "LinkID": null
      },
      "geometry": {
        "type": "Polygon",
        "coordinates": [
          [
            [
              164.1958226606839,
              67.18091718508191
            ],
            [
              163.71765328194346,
              64.82196692201634
            ],
            [
              158.50830478383713,
              65.87792429974267
            ],
            [
              158.98647416222292,
              68.23687456260964
            ],
            [
              164.1958226606839,
              67.18091718508191
            ]
          ]
        ]
      }
    },
    {
      "type": "Feature",
      "properties": {
        "SlotID": 162235813,
        "SlotType": null,
        "FloorID": null,
        "Code": null,
        "ChargingPile": null,
        "Status": null,
        "StatusUpdateTime": null,
        "Lock": null,
        "Limiter": null,
        "LinkID": null
      },
      "geometry": {
        "type": "Polygon",
        "coordinates": [
          [
            [
              163.71765328194346,
              64.82196692201634
            ],
            [
              163.23948390350589,
              62.463016656035535
            ],
            [
              158.0301354046851,
              63.518974036624364
            ],
            [
              158.50830478383713,
              65.87792429974267
            ],
            [
              163.71765328194346,
              64.82196692201634
            ]
          ]
        ]
      }
    },
    {
      "type": "Feature",
      "properties": {
        "SlotID": 162231386,
        "SlotType": null,
        "FloorID": null,
        "Code": null,
        "ChargingPile": null,
        "Status": null,
        "StatusUpdateTime": null,
        "Lock": null,
        "Limiter": null,
        "LinkID": null
      },
      "geometry": {
        "type": "Polygon",
        "coordinates": [
          [
            [
              165.86494146744613,
              75.4151714601191
            ],
            [
              165.38677208889467,
              73.05622119679012
            ],
            [
              160.17742359039323,
              74.1121785758443
            ],
            [
              160.65559296975036,
              76.47112883928303
            ],
            [
              165.86494146744613,
              75.4151714601191
            ]
          ]
        ]
      }
    },
    {
      "type": "Feature",
      "properties": {
        "SlotID": 162247803,
        "SlotType": null,
        "FloorID": null,
        "Code": null,
        "ChargingPile": null,
        "Status": null,
        "StatusUpdateTime": null,
        "Lock": null,
        "Limiter": null,
        "LinkID": null
      },
      "geometry": {
        "type": "Polygon",
        "coordinates": [
          [
            [
              165.38677208889467,
              73.05622119679012
            ],
            [
              164.9086027097999,
              70.69727093236726
            ],
            [
              159.69925421196726,
              71.75322831213109
            ],
            [
              160.17742359039323,
              74.1121785758443
            ],
            [
              165.38677208889467,
              73.05622119679012
            ]
          ]
        ]
      }
    },
    {
      "type": "Feature",
      "properties": {
        "SlotID": 162270404,
        "SlotType": null,
        "FloorID": null,
        "Code": null,
        "ChargingPile": null,
        "Status": null,
        "StatusUpdateTime": null,
        "Lock": null,
        "Limiter": null,
        "LinkID": null
      },
      "geometry": {
        "type": "Polygon",
        "coordinates": [
          [
            [
              168.04356773527704,
              86.16297598438021
            ],
            [
              167.56539835704646,
              83.80402572071553
            ],
            [
              162.35604985922413,
              84.85998309962525
            ],
            [
              162.83421923647688,
              87.21893336447476
            ],
            [
              168.04356773527704,
              86.16297598438021
            ]
          ]
        ]
      }
    },
    {
      "type": "Feature",
      "properties": {
        "SlotID": 162216077,
        "SlotType": null,
        "FloorID": null,
        "Code": null,
        "ChargingPile": null,
        "Status": null,
        "StatusUpdateTime": null,
        "Lock": null,
        "Limiter": null,
        "LinkID": null
      },
      "geometry": {
        "type": "Polygon",
        "coordinates": [
          [
            [
              167.56539835704646,
              83.80402572071553
            ],
            [
              167.08722897961025,
              81.4450754573763
            ],
            [
              161.87788047991316,
              82.5010328360075
            ],
            [
              162.35604985922413,
              84.85998309962525
            ],
            [
              167.56539835704646,
              83.80402572071553
            ]
          ]
        ]
      }
    },
    {
      "type": "Feature",
      "properties": {
        "SlotID": 162234928,
        "SlotType": null,
        "FloorID": null,
        "Code": null,
        "ChargingPile": null,
        "Status": null,
        "StatusUpdateTime": null,
        "Lock": null,
        "Limiter": null,
        "LinkID": null
      },
      "geometry": {
        "type": "Polygon",
        "coordinates": [
          [
            [
              167.08722897961025,
              81.4450754573763
            ],
            [
              166.60905959940135,
              79.08612519246607
            ],
            [
              161.39971110273422,
              80.14208257089723
            ],
            [
              161.87788047991316,
              82.5010328360075
            ],
            [
              167.08722897961025,
              81.4450754573763
            ]
          ]
        ]
      }
    },
    {
      "type": "Feature",
      "properties": {
        "SlotID": 162247681,
        "SlotType": null,
        "FloorID": null,
        "Code": null,
        "ChargingPile": null,
        "Status": null,
        "StatusUpdateTime": null,
        "Lock": null,
        "Limiter": null,
        "LinkID": null
      },
      "geometry": {
        "type": "Polygon",
        "coordinates": [
          [
            [
              29.198888756295176,
              40.0463011098238
            ],
            [
              30.254846133924637,
              45.25564960933045
            ],
            [
              32.61379639838046,
              44.77748023099791
            ],
            [
              31.557839022448434,
              39.568131732682126
            ],
            [
              29.198888756295176,
              40.0463011098238
            ]
          ]
        ]
      }
    },
    {
      "type": "Feature",
      "properties": {
        "SlotID": 162211289,
        "SlotType": null,
        "FloorID": null,
        "Code": null,
        "ChargingPile": null,
        "Status": null,
        "StatusUpdateTime": null,
        "Lock": null,
        "Limiter": null,
        "LinkID": null
      },
      "geometry": {
        "type": "Polygon",
        "coordinates": [
          [
            [
              22.711775528842807,
              41.361266901034725
            ],
            [
              23.767732907860683,
              46.570615401603426
            ],
            [
              26.126683171801666,
              46.09244602207014
            ],
            [
              25.07072579465855,
              40.8830975221846
            ],
            [
              22.711775528842807,
              41.361266901034725
            ]
          ]
        ]
      }
    },
    {
      "type": "Feature",
      "properties": {
        "SlotID": 162230284,
        "SlotType": null,
        "FloorID": null,
        "Code": null,
        "ChargingPile": null,
        "Status": null,
        "StatusUpdateTime": null,
        "Lock": null,
        "Limiter": null,
        "LinkID": null
      },
      "geometry": {
        "type": "Polygon",
        "coordinates": [
          [
            [
              25.07072579465855,
              40.8830975221846
            ],
            [
              26.126683171801666,
              46.09244602207014
            ],
            [
              28.485633436400157,
              45.61427664467616
            ],
            [
              27.4296760584109,
              40.40492814377933
            ],
            [
              25.07072579465855,
              40.8830975221846
            ]
          ]
        ]
      }
    },
    {
      "type": "Feature",
      "properties": {
        "SlotID": 162237839,
        "SlotType": null,
        "FloorID": null,
        "Code": null,
        "ChargingPile": null,
        "Status": null,
        "StatusUpdateTime": null,
        "Lock": null,
        "Limiter": null,
        "LinkID": null
      },
      "geometry": {
        "type": "Polygon",
        "coordinates": [
          [
            [
              20.352825266359854,
              41.8394362796022
            ],
            [
              21.408782644354265,
              47.0487847796673
            ],
            [
              23.767732907860683,
              46.570615401603426
            ],
            [
              22.711775528842807,
              41.361266901034725
            ],
            [
              20.352825266359854,
              41.8394362796022
            ]
          ]
        ]
      }
    },
    {
      "type": "Feature",
      "properties": {
        "SlotID": 162290771,
        "SlotType": null,
        "FloorID": null,
        "Code": null,
        "ChargingPile": null,
        "Status": null,
        "StatusUpdateTime": null,
        "Lock": null,
        "Limiter": null,
        "LinkID": null
      },
      "geometry": {
        "type": "Polygon",
        "coordinates": [
          [
            [
              16.393713764980273,
              42.64196523292854
            ],
            [
              17.44967114217416,
              47.85131373286149
            ],
            [
              19.80862140512503,
              47.373144355022745
            ],
            [
              18.752664027799444,
              42.16379585485798
            ],
            [
              16.393713764980273,
              42.64196523292854
            ]
          ]
        ]
      }
    },
    {
      "type": "Feature",
      "properties": {
        "SlotID": 162267512,
        "SlotType": null,
        "FloorID": null,
        "Code": null,
        "ChargingPile": null,
        "Status": null,
        "StatusUpdateTime": null,
        "Lock": null,
        "Limiter": null,
        "LinkID": null
      },
      "geometry": {
        "type": "Polygon",
        "coordinates": [
          [
            [
              57.02189429579415,
              65.20331980496428
            ],
            [
              62.23124279594684,
              64.1473624264855
            ],
            [
              61.75307341742787,
              61.78841216180572
            ],
            [
              56.54372491673807,
              62.844369540615986
            ],
            [
              57.02189429579415,
              65.20331980496428
            ]
          ]
        ]
      }
    },
    {
      "type": "Feature",
      "properties": {
        "SlotID": 162293645,
        "SlotType": null,
        "FloorID": null,
        "Code": null,
        "ChargingPile": null,
        "Status": null,
        "StatusUpdateTime": null,
        "Lock": null,
        "Limiter": null,
        "LinkID": 132246092
      },
      "geometry": {
        "type": "Polygon",
        "coordinates": [
          [
            [
              51.627713393594654,
              52.34422470113449
            ],
            [
              53.986663657029254,
              51.86605532159723
            ],
            [
              52.93070627979754,
              46.65670682150933
            ],
            [
              50.57175601524824,
              47.134876200403376
            ],
            [
              51.627713393594654,
              52.34422470113449
            ]
          ]
        ]
      }
    },
    {
      "type": "Feature",
      "properties": {
        "SlotID": 162277838,
        "SlotType": null,
        "FloorID": null,
        "Code": null,
        "ChargingPile": null,
        "Status": null,
        "StatusUpdateTime": null,
        "Lock": null,
        "Limiter": null,
        "LinkID": null
      },
      "geometry": {
        "type": "Polygon",
        "coordinates": [
          [
            [
              55.87031480294698,
              59.5222392685841
            ],
            [
              61.079663303459455,
              58.46628189028152
            ],
            [
              60.601493925491226,
              56.10733162569058
            ],
            [
              55.39214542444162,
              57.163289004324646
            ],
            [
              55.87031480294698,
              59.5222392685841
            ]
          ]
        ]
      }
    },
    {
      "type": "Feature",
      "properties": {
        "SlotID": 162216454,
        "SlotType": null,
        "FloorID": null,
        "Code": null,
        "ChargingPile": null,
        "Status": null,
        "StatusUpdateTime": null,
        "Lock": null,
        "Limiter": null,
        "LinkID": 132267381
      },
      "geometry": {
        "type": "Polygon",
        "coordinates": [
          [
            [
              41.18653632620429,
              54.46069626428311
            ],
            [
              43.545486590666215,
              53.982526884824836
            ],
            [
              42.489529212132176,
              48.77317838505087
            ],
            [
              40.13057894878495,
              49.251347763533715
            ],
            [
              41.18653632620429,
              54.46069626428311
            ]
          ]
        ]
      }
    },
    {
      "type": "Feature",
      "properties": {
        "SlotID": 162248472,
        "SlotType": null,
        "FloorID": null,
        "Code": null,
        "ChargingPile": null,
        "Status": null,
        "StatusUpdateTime": null,
        "Lock": null,
        "Limiter": null,
        "LinkID": 132267381
      },
      "geometry": {
        "type": "Polygon",
        "coordinates": [
          [
            [
              43.545486590666215,
              53.982526884824836
            ],
            [
              45.90443685431116,
              53.50435750587713
            ],
            [
              44.84847947756578,
              48.29500900581499
            ],
            [
              42.489529212132176,
              48.77317838505087
            ],
            [
              43.545486590666215,
              53.982526884824836
            ]
          ]
        ]
      }
    },
    {
      "type": "Feature",
      "properties": {
        "SlotID": 162223596,
        "SlotType": null,
        "FloorID": null,
        "Code": null,
        "ChargingPile": null,
        "Status": null,
        "StatusUpdateTime": null,
        "Lock": null,
        "Limiter": null,
        "LinkID": 132267381
      },
      "geometry": {
        "type": "Polygon",
        "coordinates": [
          [
            [
              45.90443685431116,
              53.50435750587713
            ],
            [
              48.26338711857312,
              53.02618812735789
            ],
            [
              47.207429740890376,
              47.81683962695417
            ],
            [
              44.84847947756578,
              48.29500900581499
            ],
            [
              45.90443685431116,
              53.50435750587713
            ]
          ]
        ]
      }
    },
    {
      "type": "Feature",
      "properties": {
        "SlotID": 162213973,
        "SlotType": null,
        "FloorID": null,
        "Code": null,
        "ChargingPile": null,
        "Status": null,
        "StatusUpdateTime": null,
        "Lock": null,
        "Limiter": null,
        "LinkID": null
      },
      "geometry": {
        "type": "Polygon",
        "coordinates": [
          [
            [
              46.891015741332666,
              36.460030769567524
            ],
            [
              47.94697311747733,
              41.669379269918196
            ],
            [
              50.30592338115666,
              41.19120988982836
            ],
            [
              49.24996600505762,
              35.98186138995216
            ],
            [
              46.891015741332666,
              36.460030769567524
            ]
          ]
        ]
      }
    },
    {
      "type": "Feature",
      "properties": {
        "SlotID": 162254608,
        "SlotType": null,
        "FloorID": null,
        "Code": null,
        "ChargingPile": null,
        "Status": null,
        "StatusUpdateTime": null,
        "Lock": null,
        "Limiter": null,
        "LinkID": null
      },
      "geometry": {
        "type": "Polygon",
        "coordinates": [
          [
            [
              49.24996600505762,
              35.98186138995216
            ],
            [
              50.30592338115666,
              41.19120988982836
            ],
            [
              52.664873646207944,
              40.71304051184798
            ],
            [
              51.60891626975426,
              35.50369201096385
            ],
            [
              49.24996600505762,
              35.98186138995216
            ]
          ]
        ]
      }
    },
    {
      "type": "Feature",
      "properties": {
        "SlotID": 162286101,
        "SlotType": null,
        "FloorID": null,
        "Code": null,
        "ChargingPile": null,
        "Status": null,
        "StatusUpdateTime": null,
        "Lock": null,
        "Limiter": null,
        "LinkID": null
      },
      "geometry": {
        "type": "Polygon",
        "coordinates": [
          [
            [
              51.60891626975426,
              35.50369201096385
            ],
            [
              52.664873646207944,
              40.71304051184798
            ],
            [
              55.02382391057909,
              40.2348711325643
            ],
            [
              53.96786653221018,
              35.0255226329281
            ],
            [
              51.60891626975426,
              35.50369201096385
            ]
          ]
        ]
      }
    },
    {
      "type": "Feature",
      "properties": {
        "SlotID": 162279985,
        "SlotType": null,
        "FloorID": null,
        "Code": null,
        "ChargingPile": null,
        "Status": null,
        "StatusUpdateTime": null,
        "Lock": null,
        "Limiter": null,
        "LinkID": null
      },
      "geometry": {
        "type": "Polygon",
        "coordinates": [
          [
            [
              57.67423701421059,
              68.42151841348468
            ],
            [
              62.88358551543236,
              67.36556103598397
            ],
            [
              62.40541613679284,
              65.00661077232955
            ],
            [
              57.19606763735459,
              66.0625681503738
            ],
            [
              57.67423701421059,
              68.42151841348468
            ]
          ]
        ]
      }
    },
    {
      "type": "Feature",
      "properties": {
        "SlotID": 162297559,
        "SlotType": null,
        "FloorID": null,
        "Code": null,
        "ChargingPile": null,
        "Status": null,
        "StatusUpdateTime": null,
        "Lock": null,
        "Limiter": null,
        "LinkID": null
      },
      "geometry": {
        "type": "Polygon",
        "coordinates": [
          [
            [
              58.15240639427284,
              70.78046867929596
            ],
            [
              63.36175489375154,
              69.72451130093926
            ],
            [
              62.88358551543236,
              67.36556103598397
            ],
            [
              57.67423701421059,
              68.42151841348468
            ],
            [
              58.15240639427284,
              70.78046867929596
            ]
          ]
        ]
      }
    },
    {
      "type": "Feature",
      "properties": {
        "SlotID": 162286855,
        "SlotType": null,
        "FloorID": null,
        "Code": null,
        "ChargingPile": null,
        "Status": null,
        "StatusUpdateTime": null,
        "Lock": null,
        "Limiter": null,
        "LinkID": null
      },
      "geometry": {
        "type": "Polygon",
        "coordinates": [
          [
            [
              168.09411885048115,
              82.76928072559903
            ],
            [
              169.1500762277654,
              87.97862922618445
            ],
            [
              171.50902649077545,
              87.50045984572687
            ],
            [
              170.4530691129592,
              82.29111134706918
            ],
            [
              168.09411885048115,
              82.76928072559903
            ]
          ]
        ]
      }
    },
    {
      "type": "Feature",
      "properties": {
        "SlotID": 162262731,
        "SlotType": null,
        "FloorID": null,
        "Code": null,
        "ChargingPile": null,
        "Status": null,
        "StatusUpdateTime": null,
        "Lock": null,
        "Limiter": null,
        "LinkID": null
      },
      "geometry": {
        "type": "Polygon",
        "coordinates": [
          [
            [
              181.6209958932977,
              62.15570094067647
            ],
            [
              183.9799461556084,
              61.67753156040774
            ],
            [
              182.92398877787465,
              56.468183062449846
            ],
            [
              180.56503851631888,
              56.94635244035296
            ],
            [
              181.6209958932977,
              62.15570094067647
            ]
          ]
        ]
      }
    },
    {
      "type": "Feature",
      "properties": {
        "SlotID": 162279428,
        "SlotType": null,
        "FloorID": null,
        "Code": null,
        "ChargingPile": null,
        "Status": null,
        "StatusUpdateTime": null,
        "Lock": null,
        "Limiter": null,
        "LinkID": null
      },
      "geometry": {
        "type": "Polygon",
        "coordinates": [
          [
            [
              185.48594371762823,
              61.37225936893261
            ],
            [
              187.84489398104114,
              60.894089989547865
            ],
            [
              186.788936602061,
              55.68474148950095
            ],
            [
              184.42998633958032,
              56.16291086803569
            ],
            [
              185.48594371762823,
              61.37225936893261
            ]
          ]
        ]
      }
    },
    {
      "type": "Feature",
      "properties": {
        "SlotID": 162281699,
        "SlotType": null,
        "FloorID": null,
        "Code": null,
        "ChargingPile": null,
        "Status": null,
        "StatusUpdateTime": null,
        "Lock": null,
        "Limiter": null,
        "LinkID": null
      },
      "geometry": {
        "type": "Polygon",
        "coordinates": [
          [
            [
              187.84489398104114,
              60.894089989547865
            ],
            [
              190.20384424315068,
              60.415920610243276
            ],
            [
              189.14788686604533,
              55.206572110474866
            ],
            [
              186.788936602061,
              55.68474148950095
            ],
            [
              187.84489398104114,
              60.894089989547865
            ]
          ]
        ]
      }
    },
    {
      "type": "Feature",
      "properties": {
        "SlotID": 162220699,
        "SlotType": null,
        "FloorID": null,
        "Code": null,
        "ChargingPile": null,
        "Status": null,
        "StatusUpdateTime": null,
        "Lock": null,
        "Limiter": null,
        "LinkID": null
      },
      "geometry": {
        "type": "Polygon",
        "coordinates": [
          [
            [
              190.20384424315068,
              60.415920610243276
            ],
            [
              192.56279450569482,
              59.937751230683254
            ],
            [
              191.50683712774332,
              54.72840273030821
            ],
            [
              189.14788686604533,
              55.206572110474866
            ],
            [
              190.20384424315068,
              60.415920610243276
            ]
          ]
        ]
      }
    },
    {
      "type": "Feature",
      "properties": {
        "SlotID": 162276132,
        "SlotType": null,
        "FloorID": null,
        "Code": null,
        "ChargingPile": null,
        "Status": null,
        "StatusUpdateTime": null,
        "Lock": null,
        "Limiter": null,
        "LinkID": null
      },
      "geometry": {
        "type": "Polygon",
        "coordinates": [
          [
            [
              183.08830477485256,
              79.72989465206777
            ],
            [
              184.1442621520809,
              84.9392431526282
            ],
            [
              186.50321241545367,
              84.46107377239721
            ],
            [
              185.44725503916786,
              79.25172527377464
            ],
            [
              183.08830477485256,
              79.72989465206777
            ]
          ]
        ]
      }
    },
    {
      "type": "Feature",
      "properties": {
        "SlotID": 162226252,
        "SlotType": null,
        "FloorID": null,
        "Code": null,
        "ChargingPile": null,
        "Status": null,
        "StatusUpdateTime": null,
        "Lock": null,
        "Limiter": null,
        "LinkID": null
      },
      "geometry": {
        "type": "Polygon",
        "coordinates": [
          [
            [
              185.44725503916786,
              79.25172527377464
            ],
            [
              186.50321241545367,
              84.46107377239721
            ],
            [
              188.86216267761432,
              83.9829043936
            ],
            [
              187.8062053012829,
              78.77355589409828
            ],
            [
              185.44725503916786,
              79.25172527377464
            ]
          ]
        ]
      }
    },
    {
      "type": "Feature",
      "properties": {
        "SlotID": 162262771,
        "SlotType": null,
        "FloorID": null,
        "Code": null,
        "ChargingPile": null,
        "Status": null,
        "StatusUpdateTime": null,
        "Lock": null,
        "Limiter": null,
        "LinkID": 132294619
      },
      "geometry": {
        "type": "Polygon",
        "coordinates": [
          [
            [
              196.3770086244088,
              88.6768739251882
            ],
            [
              195.89883924617152,
              86.31792366185249
            ],
            [
              190.68949074911325,
              87.37388104229774
            ],
            [
              191.16766012922528,
              89.73283130550729
            ],
            [
              196.3770086244088,
              88.6768739251882
            ]
          ]
        ]
      }
    },
    {
      "type": "Feature",
      "properties": {
        "SlotID": 162204018,
        "SlotType": null,
        "FloorID": null,
        "Code": null,
        "ChargingPile": null,
        "Status": null,
        "StatusUpdateTime": null,
        "Lock": null,
        "Limiter": null,
        "LinkID": 132294619
      },
      "geometry": {
        "type": "Polygon",
        "coordinates": [
          [
            [
              195.89883924617152,
              86.31792366185249
            ],
            [
              195.42066986815104,
              83.95897339867685
            ],
            [
              190.2113213704644,
              85.01493077729066
            ],
            [
              190.68949074911325,
              87.37388104229774
            ],
            [
              195.89883924617152,
              86.31792366185249
            ]
          ]
        ]
      }
    },
    {
      "type": "Feature",
      "properties": {
        "SlotID": 162260819,
        "SlotType": null,
        "FloorID": null,
        "Code": null,
        "ChargingPile": null,
        "Status": null,
        "StatusUpdateTime": null,
        "Lock": null,
        "Limiter": null,
        "LinkID": 132246092
      },
      "geometry": {
        "type": "Polygon",
        "coordinates": [
          [
            [
              23.528880645272807,
              58.03997912179473
            ],
            [
              25.88783090989832,
              57.56180974381377
            ],
            [
              24.83187353175423,
              52.35246124354369
            ],
            [
              22.472923267883623,
              52.83063062239633
            ],
            [
              23.528880645272807,
              58.03997912179473
            ]
          ]
        ]
      }
    },
    {
      "type": "Feature",
      "properties": {
        "SlotID": 162261740,
        "SlotType": null,
        "FloorID": null,
        "Code": null,
        "ChargingPile": null,
        "Status": null,
        "StatusUpdateTime": null,
        "Lock": null,
        "Limiter": null,
        "LinkID": 132246092
      },
      "geometry": {
        "type": "Polygon",
        "coordinates": [
          [
            [
              25.88783090989832,
              57.56180974381377
            ],
            [
              28.246781173620754,
              57.083640366181356
            ],
            [
              27.190823796905548,
              51.87429186504225
            ],
            [
              24.83187353175423,
              52.35246124354369
            ],
            [
              25.88783090989832,
              57.56180974381377
            ]
          ]
        ]
      }
    },
    {
      "type": "Feature",
      "properties": {
        "SlotID": 162272832,
        "SlotType": null,
        "FloorID": null,
        "Code": null,
        "ChargingPile": null,
        "Status": null,
        "StatusUpdateTime": null,
        "Lock": null,
        "Limiter": null,
        "LinkID": 132267381
      },
      "geometry": {
        "type": "Polygon",
        "coordinates": [
          [
            [
              32.85737418119192,
              56.14905330381698
            ],
            [
              35.21632444435284,
              55.670883926175705
            ],
            [
              34.16036706692835,
              50.46153542585338
            ],
            [
              31.801416802429785,
              50.93970480450329
            ],
            [
              32.85737418119192,
              56.14905330381698
            ]
          ]
        ]
      }
    },
    {
      "type": "Feature",
      "properties": {
        "SlotID": 162244979,
        "SlotType": null,
        "FloorID": null,
        "Code": null,
        "ChargingPile": null,
        "Status": null,
        "StatusUpdateTime": null,
        "Lock": null,
        "Limiter": null,
        "LinkID": 132267381
      },
      "geometry": {
        "type": "Polygon",
        "coordinates": [
          [
            [
              28.246781173620754,
              57.083640366181356
            ],
            [
              30.60573143857828,
              56.60547098599771
            ],
            [
              29.549774060125166,
              51.396122486003506
            ],
            [
              27.190823796905548,
              51.87429186504225
            ],
            [
              28.246781173620754,
              57.083640366181356
            ]
          ]
        ]
      }
    },
    {
      "type": "Feature",
      "properties": {
        "SlotID": 162283536,
        "SlotType": null,
        "FloorID": null,
        "Code": null,
        "ChargingPile": null,
        "Status": null,
        "StatusUpdateTime": null,
        "Lock": null,
        "Limiter": null,
        "LinkID": 132246092
      },
      "geometry": {
        "type": "Polygon",
        "coordinates": [
          [
            [
              19.276147700842202,
              58.902026406612016
            ],
            [
              21.635097965923805,
              58.42385702954276
            ],
            [
              20.579140587060124,
              53.214508528515616
            ],
            [
              18.22019032247002,
              53.69267790720689
            ],
            [
              19.276147700842202,
              58.902026406612016
            ]
          ]
        ]
      }
    },
    {
      "type": "Feature",
      "properties": {
        "SlotID": 162215515,
        "SlotType": null,
        "FloorID": null,
        "Code": null,
        "ChargingPile": null,
        "Status": null,
        "StatusUpdateTime": null,
        "Lock": null,
        "Limiter": null,
        "LinkID": null
      },
      "geometry": {
        "type": "Polygon",
        "coordinates": [
          [
            [
              135.89987817813687,
              71.42356843767469
            ],
            [
              138.25882844234948,
              70.94539905723066
            ],
            [
              137.20287106431113,
              65.73605055777433
            ],
            [
              134.84392080223665,
              66.21421993734187
            ],
            [
              135.89987817813687,
              71.42356843767469
            ]
          ]
        ]
      }
    },
    {
      "type": "Feature",
      "properties": {
        "SlotID": 162271642,
        "SlotType": null,
        "FloorID": null,
        "Code": null,
        "ChargingPile": null,
        "Status": null,
        "StatusUpdateTime": null,
        "Lock": null,
        "Limiter": null,
        "LinkID": null
      },
      "geometry": {
        "type": "Polygon",
        "coordinates": [
          [
            [
              140.76572966569475,
              70.43723938234348
            ],
            [
              143.12467993091929,
              69.95907000292286
            ],
            [
              142.06872255101132,
              64.74972150276096
            ],
            [
              139.70977228863939,
              65.22789088167991
            ],
            [
              140.76572966569475,
              70.43723938234348
            ]
          ]
        ]
      }
    },
    {
      "type": "Feature",
      "properties": {
        "SlotID": 162261325,
        "SlotType": null,
        "FloorID": null,
        "Code": null,
        "ChargingPile": null,
        "Status": null,
        "StatusUpdateTime": null,
        "Lock": null,
        "Limiter": null,
        "LinkID": null
      },
      "geometry": {
        "type": "Polygon",
        "coordinates": [
          [
            [
              119.0333056522013,
              74.84249533647613
            ],
            [
              121.39225591592356,
              74.36432595795907
            ],
            [
              120.33629853889835,
              69.15497745783718
            ],
            [
              117.97734827446166,
              69.63314683759808
            ],
            [
              119.0333056522013,
              74.84249533647613
            ]
          ]
        ]
      }
    },
    {
      "type": "Feature",
      "properties": {
        "SlotID": 162294224,
        "SlotType": null,
        "FloorID": null,
        "Code": null,
        "ChargingPile": null,
        "Status": null,
        "StatusUpdateTime": null,
        "Lock": null,
        "Limiter": null,
        "LinkID": null
      },
      "geometry": {
        "type": "Polygon",
        "coordinates": [
          [
            [
              121.39225591592356,
              74.36432595795907
            ],
            [
              123.75120618079481,
              73.8861565795614
            ],
            [
              122.69524880381522,
              68.67680807829532
            ],
            [
              120.33629853889835,
              69.15497745783718
            ],
            [
              121.39225591592356,
              74.36432595795907
            ]
          ]
        ]
      }
    },
    {
      "type": "Feature",
      "properties": {
        "SlotID": 162272289,
        "SlotType": null,
        "FloorID": null,
        "Code": null,
        "ChargingPile": null,
        "Status": null,
        "StatusUpdateTime": null,
        "Lock": null,
        "Limiter": null,
        "LinkID": null
      },
      "geometry": {
        "type": "Polygon",
        "coordinates": [
          [
            [
              123.75120618079481,
              73.8861565795614
            ],
            [
              126.11015644418026,
              73.40798719975066
            ],
            [
              125.0541990666687,
              68.19863869960298
            ],
            [
              122.69524880381522,
              68.67680807829532
            ],
            [
              123.75120618079481,
              73.8861565795614
            ]
          ]
        ]
      }
    },
    {
      "type": "Feature",
      "properties": {
        "SlotID": 162293997,
        "SlotType": null,
        "FloorID": null,
        "Code": null,
        "ChargingPile": null,
        "Status": null,
        "StatusUpdateTime": null,
        "Lock": null,
        "Limiter": null,
        "LinkID": null
      },
      "geometry": {
        "type": "Polygon",
        "coordinates": [
          [
            [
              127.53535556218281,
              73.1190931994177
            ],
            [
              129.89430582624442,
              72.64092382154853
            ],
            [
              128.83834844860118,
              67.43157532076437
            ],
            [
              126.47939818409367,
              67.90974470112796
            ],
            [
              127.53535556218281,
              73.1190931994177
            ]
          ]
        ]
      }
    },
    {
      "type": "Feature",
      "properties": {
        "SlotID": 162241720,
        "SlotType": null,
        "FloorID": null,
        "Code": null,
        "ChargingPile": null,
        "Status": null,
        "StatusUpdateTime": null,
        "Lock": null,
        "Limiter": null,
        "LinkID": null
      },
      "geometry": {
        "type": "Polygon",
        "coordinates": [
          [
            [
              129.89430582624442,
              72.64092382154853
            ],
            [
              132.2532560903352,
              72.16275444236857
            ],
            [
              131.1972987121144,
              66.95340594101438
            ],
            [
              128.83834844860118,
              67.43157532076437
            ],
            [
              129.89430582624442,
              72.64092382154853
            ]
          ]
        ]
      }
    },
    {
      "type": "Feature",
      "properties": {
        "SlotID": 162282983,
        "SlotType": null,
        "FloorID": null,
        "Code": null,
        "ChargingPile": null,
        "Status": null,
        "StatusUpdateTime": null,
        "Lock": null,
        "Limiter": null,
        "LinkID": null
      },
      "geometry": {
        "type": "Polygon",
        "coordinates": [
          [
            [
              132.2532560903352,
              72.16275444236857
            ],
            [
              134.612206354283,
              71.68458506276781
            ],
            [
              133.55624897593043,
              66.47523656239578
            ],
            [
              131.1972987121144,
              66.95340594101438
            ],
            [
              132.2532560903352,
              72.16275444236857
            ]
          ]
        ]
      }
    },
    {
      "type": "Feature",
      "properties": {
        "SlotID": 162257363,
        "SlotType": null,
        "FloorID": null,
        "Code": null,
        "ChargingPile": null,
        "Status": null,
        "StatusUpdateTime": null,
        "Lock": null,
        "Limiter": null,
        "LinkID": null
      },
      "geometry": {
        "type": "Polygon",
        "coordinates": [
          [
            [
              144.14409935707488,
              69.75242929405808
            ],
            [
              146.50304962108825,
              69.27425991473157
            ],
            [
              145.447092242746,
              64.06491141471939
            ],
            [
              143.08814197926463,
              64.54308079414147
            ],
            [
              144.14409935707488,
              69.75242929405808
            ]
          ]
        ]
      }
    },
    {
      "type": "Feature",
      "properties": {
        "SlotID": 162244054,
        "SlotType": null,
        "FloorID": null,
        "Code": null,
        "ChargingPile": null,
        "Status": null,
        "StatusUpdateTime": null,
        "Lock": null,
        "Limiter": null,
        "LinkID": null
      },
      "geometry": {
        "type": "Polygon",
        "coordinates": [
          [
            [
              34.52516620253411,
              133.96763452050445
            ],
            [
              39.734514704192584,
              132.91167714235874
            ],
            [
              39.256345327205224,
              130.55272687877724
            ],
            [
              34.04699682510087,
              131.60868425618008
            ],
            [
              34.52516620253411,
              133.96763452050445
            ]
          ]
        ]
      }
    },
    {
      "type": "Feature",
      "properties": {
        "SlotID": 162250966,
        "SlotType": null,
        "FloorID": null,
        "Code": null,
        "ChargingPile": null,
        "Status": null,
        "StatusUpdateTime": null,
        "Lock": null,
        "Limiter": null,
        "LinkID": null
      },
      "geometry": {
        "type": "Polygon",
        "coordinates": [
          [
            [
              64.58314272224398,
              32.87376042824818
            ],
            [
              65.6391000995335,
              38.08310892695111
            ],
            [
              67.99805036609463,
              37.604939548758665
            ],
            [
              66.94209298706721,
              32.39559104917733
            ],
            [
              64.58314272224398,
              32.87376042824818
            ]
          ]
        ]
      }
    },
    {
      "type": "Feature",
      "properties": {
        "SlotID": 162241101,
        "SlotType": null,
        "FloorID": null,
        "Code": null,
        "ChargingPile": null,
        "Status": null,
        "StatusUpdateTime": null,
        "Lock": null,
        "Limiter": null,
        "LinkID": null
      },
      "geometry": {
        "type": "Polygon",
        "coordinates": [
          [
            [
              66.94209298706721,
              32.39559104917733
            ],
            [
              67.99805036609463,
              37.604939548758665
            ],
            [
              70.35700063014649,
              37.126770170672856
            ],
            [
              69.30104325036416,
              31.9174216706245
            ],
            [
              66.94209298706721,
              32.39559104917733
            ]
          ]
        ]
      }
    },
    {
      "type": "Feature",
      "properties": {
        "SlotID": 162286949,
        "SlotType": null,
        "FloorID": null,
        "Code": null,
        "ChargingPile": null,
        "Status": null,
        "StatusUpdateTime": null,
        "Lock": null,
        "Limiter": null,
        "LinkID": null
      },
      "geometry": {
        "type": "Polygon",
        "coordinates": [
          [
            [
              69.30104325036416,
              31.9174216706245
            ],
            [
              70.35700063014649,
              37.126770170672856
            ],
            [
              72.71595089294063,
              36.64860079152301
            ],
            [
              71.65999351583358,
              31.439252291076006
            ],
            [
              69.30104325036416,
              31.9174216706245
            ]
          ]
        ]
      }
    },
    {
      "type": "Feature",
      "properties": {
        "SlotID": 162275927,
        "SlotType": null,
        "FloorID": null,
        "Code": null,
        "ChargingPile": null,
        "Status": null,
        "StatusUpdateTime": null,
        "Lock": null,
        "Limiter": null,
        "LinkID": null
      },
      "geometry": {
        "type": "Polygon",
        "coordinates": [
          [
            [
              73.42920621387955,
              31.08062525711986
            ],
            [
              74.48516359107268,
              36.28997375732422
            ],
            [
              76.8441138551935,
              35.811804377672985
            ],
            [
              75.78815647760011,
              30.602455877604868
            ],
            [
              73.42920621387955,
              31.08062525711986
            ]
          ]
        ]
      }
    },
    {
      "type": "Feature",
      "properties": {
        "SlotID": 162279737,
        "SlotType": null,
        "FloorID": null,
        "Code": null,
        "ChargingPile": null,
        "Status": null,
        "StatusUpdateTime": null,
        "Lock": null,
        "Limiter": null,
        "LinkID": null
      },
      "geometry": {
        "type": "Polygon",
        "coordinates": [
          [
            [
              75.78815647760011,
              30.602455877604868
            ],
            [
              76.8441138551935,
              35.811804377672985
            ],
            [
              79.20306412060016,
              35.333634999969185
            ],
            [
              78.14710674362999,
              30.12428649932694
            ],
            [
              75.78815647760011,
              30.602455877604868
            ]
          ]
        ]
      }
    },
    {
      "type": "Feature",
      "properties": {
        "SlotID": 162272521,
        "SlotType": null,
        "FloorID": null,
        "Code": null,
        "ChargingPile": null,
        "Status": null,
        "StatusUpdateTime": null,
        "Lock": null,
        "Limiter": null,
        "LinkID": null
      },
      "geometry": {
        "type": "Polygon",
        "coordinates": [
          [
            [
              78.14710674362999,
              30.12428649932694
            ],
            [
              79.20306412060016,
              35.333634999969185
            ],
            [
              81.56201438398392,
              34.85546561996982
            ],
            [
              80.50605700581295,
              29.646117120950315
            ],
            [
              78.14710674362999,
              30.12428649932694
            ]
          ]
        ]
      }
    },
    {
      "type": "Feature",
      "properties": {
        "SlotID": 162294436,
        "SlotType": null,
        "FloorID": null,
        "Code": null,
        "ChargingPile": null,
        "Status": null,
        "StatusUpdateTime": null,
        "Lock": null,
        "Limiter": null,
        "LinkID": null
      },
      "geometry": {
        "type": "Polygon",
        "coordinates": [
          [
            [
              82.27526970469384,
              29.287490086388857
            ],
            [
              83.33122708161326,
              34.49683858617437
            ],
            [
              85.69017734811234,
              34.01866920781341
            ],
            [
              84.63421996923209,
              28.809320707182707
            ],
            [
              82.27526970469384,
              29.287490086388857
            ]
          ]
        ]
      }
    },
    {
      "type": "Feature",
      "properties": {
        "SlotID": 162297678,
        "SlotType": null,
        "FloorID": null,
        "Code": null,
        "ChargingPile": null,
        "Status": null,
        "StatusUpdateTime": null,
        "Lock": null,
        "Limiter": null,
        "LinkID": null
      },
      "geometry": {
        "type": "Polygon",
        "coordinates": [
          [
            [
              84.63421996923209,
              28.809320707182707
            ],
            [
              85.69017734811234,
              34.01866920781341
            ],
            [
              88.04912761031864,
              33.54049982942019
            ],
            [
              86.9931702319755,
              28.331151328862664
            ],
            [
              84.63421996923209,
              28.809320707182707
            ]
          ]
        ]
      }
    },
    {
      "type": "Feature",
      "properties": {
        "SlotID": 162274796,
        "SlotType": null,
        "FloorID": null,
        "Code": null,
        "ChargingPile": null,
        "Status": null,
        "StatusUpdateTime": null,
        "Lock": null,
        "Limiter": null,
        "LinkID": null
      },
      "geometry": {
        "type": "Polygon",
        "coordinates": [
          [
            [
              86.9931702319755,
              28.331151328862664
            ],
            [
              88.04912761031864,
              33.54049982942019
            ],
            [
              90.40807787541183,
              33.06233045040611
            ],
            [
              89.35212049626818,
              27.852981950525745
            ],
            [
              86.9931702319755,
              28.331151328862664
            ]
          ]
        ]
      }
    },
    {
      "type": "Feature",
      "properties": {
        "SlotID": 162223303,
        "SlotType": null,
        "FloorID": null,
        "Code": null,
        "ChargingPile": null,
        "Status": null,
        "StatusUpdateTime": null,
        "Lock": null,
        "Limiter": null,
        "LinkID": null
      },
      "geometry": {
        "type": "Polygon",
        "coordinates": [
          [
            [
              91.12133319464635,
              27.4943549155583
            ],
            [
              92.17729057240676,
              32.70370341637751
            ],
            [
              94.53624083874055,
              32.22553403670001
            ],
            [
              93.48028345875075,
              27.016185536213015
            ],
            [
              91.12133319464635,
              27.4943549155583
            ]
          ]
        ]
      }
    },
    {
      "type": "Feature",
      "properties": {
        "SlotID": 162207539,
        "SlotType": null,
        "FloorID": null,
        "Code": null,
        "ChargingPile": null,
        "Status": null,
        "StatusUpdateTime": null,
        "Lock": null,
        "Limiter": null,
        "LinkID": null
      },
      "geometry": {
        "type": "Polygon",
        "coordinates": [
          [
            [
              93.48028345875075,
              27.016185536213015
            ],
            [
              94.53624083874055,
              32.22553403670001
            ],
            [
              96.89519110073593,
              31.747364657729776
            ],
            [
              95.83923372244357,
              26.538016158028974
            ],
            [
              93.48028345875075,
              27.016185536213015
            ]
          ]
        ]
      }
    },
    {
      "type": "Feature",
      "properties": {
        "SlotID": 162259522,
        "SlotType": null,
        "FloorID": null,
        "Code": null,
        "ChargingPile": null,
        "Status": null,
        "StatusUpdateTime": null,
        "Lock": null,
        "Limiter": null,
        "LinkID": null
      },
      "geometry": {
        "type": "Polygon",
        "coordinates": [
          [
            [
              95.83923372244357,
              26.538016158028974
            ],
            [
              96.89519110073593,
              31.747364657729776
            ],
            [
              99.25414136521795,
              31.269195279084244
            ],
            [
              98.19818398773126,
              26.059846779897867
            ],
            [
              95.83923372244357,
              26.538016158028974
            ]
          ]
        ]
      }
    },
    {
      "type": "Feature",
      "properties": {
        "SlotID": 162248986,
        "SlotType": null,
        "FloorID": null,
        "Code": null,
        "ChargingPile": null,
        "Status": null,
        "StatusUpdateTime": null,
        "Lock": null,
        "Limiter": null,
        "LinkID": null
      },
      "geometry": {
        "type": "Polygon",
        "coordinates": [
          [
            [
              99.9673966850696,
              25.701219744046607
            ],
            [
              101.02335406393956,
              30.91056824472211
            ],
            [
              103.38230432765569,
              30.43239886611682
            ],
            [
              102.3263469489226,
              25.223050366055404
            ],
            [
              99.9673966850696,
              25.701219744046607
            ]
          ]
        ]
      }
    },
    {
      "type": "Feature",
      "properties": {
        "SlotID": 162252785,
        "SlotType": null,
        "FloorID": null,
        "Code": null,
        "ChargingPile": null,
        "Status": null,
        "StatusUpdateTime": null,
        "Lock": null,
        "Limiter": null,
        "LinkID": null
      },
      "geometry": {
        "type": "Polygon",
        "coordinates": [
          [
            [
              102.3263469489226,
              25.223050366055404
            ],
            [
              103.38230432765569,
              30.43239886611682
            ],
            [
              105.74125459109197,
              29.954229487690615
            ],
            [
              104.6852972133875,
              24.744880986896412
            ],
            [
              102.3263469489226,
              25.223050366055404
            ]
          ]
        ]
      }
    },
    {
      "type": "Feature",
      "properties": {
        "SlotID": 162245657,
        "SlotType": null,
        "FloorID": null,
        "Code": null,
        "ChargingPile": null,
        "Status": null,
        "StatusUpdateTime": null,
        "Lock": null,
        "Limiter": null,
        "LinkID": null
      },
      "geometry": {
        "type": "Polygon",
        "coordinates": [
          [
            [
              104.6852972133875,
              24.744880986896412
            ],
            [
              105.74125459109197,
              29.954229487690615
            ],
            [
              108.10020485545431,
              29.476060108203022
            ],
            [
              107.04424747663514,
              24.266711609598232
            ],
            [
              104.6852972133875,
              24.744880986896412
            ]
          ]
        ]
      }
    },
    {
      "type": "Feature",
      "properties": {
        "SlotID": 162260031,
        "SlotType": null,
        "FloorID": null,
        "Code": null,
        "ChargingPile": null,
        "Status": null,
        "StatusUpdateTime": null,
        "Lock": null,
        "Limiter": null,
        "LinkID": null
      },
      "geometry": {
        "type": "Polygon",
        "coordinates": [
          [
            [
              108.81346017489965,
              23.908084574090598
            ],
            [
              109.86941755358197,
              29.11743307410461
            ],
            [
              112.22836781646399,
              28.639263695091767
            ],
            [
              111.17241043965643,
              23.429915194951597
            ],
            [
              108.81346017489965,
              23.908084574090598
            ]
          ]
        ]
      }
    },
    {
      "type": "Feature",
      "properties": {
        "SlotID": 162258334,
        "SlotType": null,
        "FloorID": null,
        "Code": null,
        "ChargingPile": null,
        "Status": null,
        "StatusUpdateTime": null,
        "Lock": null,
        "Limiter": null,
        "LinkID": null
      },
      "geometry": {
        "type": "Polygon",
        "coordinates": [
          [
            [
              111.17241043965643,
              23.429915194951597
            ],
            [
              112.22836781646399,
              28.639263695091767
            ],
            [
              114.58731808227854,
              28.161094316337195
            ],
            [
              113.53136070306425,
              22.95174581663227
            ],
            [
              111.17241043965643,
              23.429915194951597
            ]
          ]
        ]
      }
    },
    {
      "type": "Feature",
      "properties": {
        "SlotID": 162210862,
        "SlotType": null,
        "FloorID": null,
        "Code": null,
        "ChargingPile": null,
        "Status": null,
        "StatusUpdateTime": null,
        "Lock": null,
        "Limiter": null,
        "LinkID": null
      },
      "geometry": {
        "type": "Polygon",
        "coordinates": [
          [
            [
              113.53136070306425,
              22.95174581663227
            ],
            [
              114.58731808227854,
              28.161094316337195
            ],
            [
              116.94626834513792,
              27.682924937755704
            ],
            [
              115.89031096646077,
              22.473576437719295
            ],
            [
              113.53136070306425,
              22.95174581663227
            ]
          ]
        ]
      }
    }
  ]
}